"idmeta";"idvendedor";"fecha";"meta";"premio"
"1";"19";"2021-06-14";"10000";"3"
"2";"21";"2021-06-14";"10000";"3"
"3";"27";"2021-06-14";"20000";"3"
"4";"13";"2021-06-14";"10000";"3"
"5";"1";"2021-06-14";"7000";"3"
"6";"2";"2021-06-14";"15000";"3"
"7";"3";"2021-06-14";"8000";"3"
"8";"10";"2021-06-14";"20000";"3"
"9";"11";"2021-06-14";"8000";"3"
"10";"4";"2021-06-14";"10000";"3"
"11";"16";"2021-06-14";"3000";"3"
"12";"29";"2021-06-14";"8000";"3"
"13";"8";"2021-06-14";"10000";"3"
"14";"6";"2021-06-14";"3500";"3"
"15";"20";"2021-06-14";"10000";"3"
"16";"15";"2021-06-14";"6000";"3"
"17";"28";"2021-06-14";"2500";"3"
"18";"30";"2021-06-14";"4000";"3"
"19";"25";"2021-06-14";"15000";"3"
"20";"36";"2021-06-14";"3000";"3"
"21";"37";"2021-06-14";"3000";"3"
"22";"19";"2021-01-01";"7000";"3"
"23";"21";"2021-01-01";"7000";"3"
"24";"27";"2021-01-01";"7000";"3"
"25";"13";"2021-01-01";"7000";"3"
"26";"1";"2021-01-01";"7000";"3"
"27";"2";"2021-01-01";"6000";"3"
"28";"3";"2021-01-01";"3000";"3"
"29";"10";"2021-01-01";"6000";"3"
"30";"11";"2021-01-01";"3000";"3"
"31";"4";"2021-01-01";"2000";"3"
"32";"16";"2021-01-01";"3000";"3"
"33";"29";"2021-01-01";"3000";"3"
"34";"8";"2021-01-01";"1500";"3"
"35";"6";"2021-01-01";"3500";"3"
"36";"20";"2021-01-01";"2500";"3"
"37";"15";"2021-01-01";"6000";"3"
"38";"28";"2021-01-01";"2500";"3"
"39";"30";"2021-01-01";"4000";"3"
"40";"36";"2021-01-01";"3000";"3"
"41";"19";"2021-02-01";"7000";"3"
"42";"21";"2021-02-01";"7000";"3"
"43";"27";"2021-02-01";"7000";"3"
"44";"13";"2021-02-01";"7000";"3"
"45";"1";"2021-02-01";"7000";"3"
"46";"2";"2021-02-01";"6000";"3"
"47";"3";"2021-02-01";"3000";"3"
"48";"10";"2021-02-01";"6000";"3"
"49";"11";"2021-02-01";"3000";"3"
"50";"4";"2021-02-01";"2000";"3"
"51";"16";"2021-02-01";"3000";"3"
"52";"29";"2021-02-01";"0";"3"
"53";"8";"2021-02-01";"1500";"3"
"54";"6";"2021-02-01";"3500";"3"
"55";"20";"2021-02-01";"2500";"3"
"56";"15";"2021-02-01";"6000";"3"
"57";"28";"2021-02-01";"2500";"3"
"58";"30";"2021-02-01";"4000";"3"
"59";"36";"2021-02-01";"3000";"3"
"60";"19";"2021-03-01";"5000";"3"
"61";"21";"2021-03-01";"10000";"3"
"62";"27";"2021-03-01";"12000";"3"
"63";"13";"2021-03-01";"10000";"3"
"64";"1";"2021-03-01";"15000";"3"
"65";"2";"2021-03-01";"8000";"3"
"66";"3";"2021-03-01";"8000";"3"
"67";"10";"2021-03-01";"0";"3"
"68";"11";"2021-03-01";"5000";"3"
"69";"4";"2021-03-01";"14000";"3"
"70";"16";"2021-03-01";"3000";"3"
"71";"29";"2021-03-01";"8000";"3"
"72";"8";"2021-03-01";"5000";"3"
"73";"6";"2021-03-01";"3500";"3"
"74";"20";"2021-03-01";"7000";"3"
"75";"15";"2021-03-01";"6000";"3"
"76";"28";"2021-03-01";"2500";"3"
"77";"30";"2021-03-01";"4000";"3"
"78";"36";"2021-03-01";"3000";"3"
"79";"19";"2021-04-01";"7000";"3"
"80";"21";"2021-04-01";"7000";"3"
"81";"27";"2021-04-01";"7000";"3"
"82";"13";"2021-04-01";"7000";"3"
"83";"1";"2021-04-01";"7000";"3"
"84";"2";"2021-04-01";"6000";"3"
"85";"3";"2021-04-01";"3000";"3"
"86";"10";"2021-04-01";"6000";"3"
"87";"11";"2021-04-01";"3000";"3"
"88";"4";"2021-04-01";"2000";"3"
"89";"16";"2021-04-01";"3000";"3"
"90";"29";"2021-04-01";"3000";"3"
"91";"8";"2021-04-01";"1500";"3"
"92";"6";"2021-04-01";"3500";"3"
"93";"20";"2021-04-01";"2500";"3"
"94";"15";"2021-04-01";"6000";"3"
"95";"28";"2021-04-01";"2500";"3"
"96";"30";"2021-04-01";"4000";"3"
"97";"36";"2021-04-01";"3000";"3"
"98";"19";"2021-05-01";"7000";"3"
"99";"21";"2021-05-01";"7000";"3"
"100";"27";"2021-05-01";"7000";"3"
"101";"13";"2021-05-01";"7000";"3"
"102";"1";"2021-05-01";"7000";"3"
"103";"2";"2021-05-01";"6000";"3"
"104";"3";"2021-05-01";"3000";"3"
"105";"10";"2021-05-01";"6000";"3"
"106";"11";"2021-05-01";"3000";"3"
"107";"4";"2021-05-01";"2000";"3"
"108";"16";"2021-05-01";"3000";"3"
"109";"29";"2021-05-01";"3000";"3"
"110";"8";"2021-05-01";"1500";"3"
"111";"6";"2021-05-01";"3500";"3"
"112";"20";"2021-05-01";"2500";"3"
"113";"15";"2021-05-01";"6000";"3"
"114";"28";"2021-05-01";"2500";"3"
"115";"30";"2021-05-01";"4000";"3"
"116";"36";"2021-05-01";"3000";"3"
"117";"25";"2021-05-14";"5000";"3"
"118";"25";"2021-04-14";"5000";"3"
"119";"25";"2021-03-14";"7000";"3"
"120";"27";"2021-02-01";"7000";"3"
"121";"25";"2021-01-14";"5000";"3"
"122";"25";"2021-02-14";"5000";"3"
"123";"37";"2021-05-14";"3000";"3"
"124";"37";"2021-04-14";"3000";"3"
"125";"37";"2021-03-14";"3000";"3"
"126";"37";"2021-02-14";"3000";"3"
"127";"37";"2021-01-14";"3000";"3"
"148";"19";"2021-07-01";"3500";"3"
"149";"21";"2021-07-01";"4000";"3"
"150";"27";"2021-07-01";"10760";"3"
"151";"13";"2021-07-01";"4000";"3"
"152";"1";"2021-07-01";"4000";"3"
"153";"2";"2021-07-01";"6000";"3"
"154";"3";"2021-07-01";"2500";"3"
"155";"10";"2021-07-01";"11000";"3"
"156";"11";"2021-07-01";"3000";"3"
"157";"4";"2021-07-01";"4500";"3"
"158";"16";"2021-07-01";"0";"3"
"159";"29";"2021-07-01";"2500";"3"
"160";"8";"2021-07-01";"3000";"3"
"161";"6";"2021-07-01";"3500";"3"
"162";"20";"2021-07-01";"8000";"3"
"163";"15";"2021-07-01";"4000";"3"
"164";"28";"2021-07-01";"0";"3"
"165";"30";"2021-07-01";"0";"3"
"166";"36";"2021-07-01";"3000";"3"
"167";"38";"2021-07-01";"0";"3"
"168";"40";"2021-07-01";"2000";"3"
"169";"39";"2021-07-01";"0";"3"
"170";"25";"2021-07-01";"9000";"3"
"171";"41";"2021-07-01";"2500";"3"
"172";"42";"2021-07-01";"2000";"3"
"173";"43";"2021-07-01";"3000";"3"
"174";"44";"2021-07-01";"0";"3"
"213";"1";"2021-08-01";"5500";"3"
"214";"2";"2021-08-01";"12000";"3"
"215";"3";"2021-08-01";"6000";"3"
"216";"4";"2021-08-01";"8000";"3"
"217";"5";"2021-08-01";"0";"3"
"218";"6";"2021-08-01";"6000";"3"
"219";"7";"2021-08-01";"5500";"3"
"220";"8";"2021-08-01";"4500";"3"
"221";"9";"2021-08-01";"40000";"3"
"222";"10";"2021-08-01";"25000";"3"
"223";"11";"2021-08-01";"6000";"3"
"224";"13";"2021-08-01";"5500";"3"
"225";"14";"2021-08-01";"0";"3"
"226";"15";"2021-08-01";"0";"3"
"227";"16";"2021-08-01";"0";"3"
"228";"17";"2021-08-01";"0";"3"
"229";"18";"2021-08-01";"6000";"3"
"230";"19";"2021-08-01";"7500";"3"
"231";"20";"2021-08-01";"15000";"3"
"232";"21";"2021-08-01";"7000";"3"
"233";"22";"2021-08-01";"0";"3"
"234";"23";"2021-08-01";"6000";"3"
"235";"24";"2021-08-01";"0";"3"
"236";"25";"2021-08-01";"14000";"3"
"237";"26";"2021-08-01";"0";"3"
"238";"27";"2021-08-01";"22000";"3"
"239";"28";"2021-08-01";"0";"3"
"240";"29";"2021-08-01";"6000";"3"
"241";"30";"2021-08-01";"8000";"3"
"242";"31";"2021-08-01";"0";"3"
"243";"32";"2021-08-01";"0";"3"
"244";"33";"2021-08-01";"0";"3"
"245";"34";"2021-08-01";"4000";"3"
"246";"35";"2021-08-01";"0";"3"
"247";"36";"2021-08-01";"0";"3"
"248";"37";"2021-08-01";"0";"3"
"249";"38";"2021-08-01";"0";"3"
"250";"39";"2021-08-01";"0";"3"
"251";"40";"2021-08-01";"4000";"3"
"252";"41";"2021-08-01";"4500";"3"
"253";"42";"2021-08-01";"4000";"3"
"254";"43";"2021-08-01";"0";"3"
"255";"44";"2021-08-01";"4000";"3"
"256";"45";"2021-08-01";"0";"3"
"257";"46";"2021-08-01";"0";"3"
"258";"47";"2021-08-01";"9900";"3"
"260";"800";"2021-08-23";"0";"3"
"261";"48";"2021-08-23";"0";"3"
"262";"49";"2021-08-26";"5000";"3"
"263";"50";"2021-09-01";"4000";"3"
"264";"1";"2021-09-01";"6000";"3"
"265";"2";"2021-09-01";"6000";"3"
"266";"3";"2021-09-01";"4000";"3"
"267";"4";"2021-09-01";"3000";"3"
"268";"6";"2021-09-01";"0";"3"
"269";"7";"2021-09-01";"6000";"3"
"270";"8";"2021-09-01";"4000";"3"
"271";"10";"2021-09-01";"6000";"3"
"272";"11";"2021-09-01";"3000";"3"
"273";"13";"2021-09-01";"0";"3"
"274";"15";"2021-09-01";"6000";"3"
"275";"19";"2021-09-01";"5000";"3"
"276";"20";"2021-09-01";"5000";"3"
"277";"21";"2021-09-01";"6000";"3"
"278";"23";"2021-09-01";"6000";"3"
"279";"24";"2021-09-01";"10000";"3"
"280";"25";"2021-09-01";"6000";"3"
"281";"27";"2021-09-01";"6000";"3"
"282";"28";"2021-09-01";"4000";"3"
"283";"29";"2021-09-01";"4000";"3"
"284";"30";"2021-09-01";"6000";"3"
"285";"33";"2021-09-01";"4000";"3"
"286";"36";"2021-09-01";"4000";"3"
"287";"38";"2021-09-01";"6000";"3"
"288";"39";"2021-09-01";"4000";"3"
"289";"40";"2021-09-01";"4000";"3"
"290";"41";"2021-09-01";"4000";"3"
"291";"43";"2021-09-01";"4000";"3"
"292";"44";"2021-09-01";"4000";"3"
"293";"46";"2021-09-01";"4000";"3"
"294";"47";"2021-09-01";"4000";"3"
"295";"48";"2021-09-01";"4000";"3"
"296";"49";"2021-09-01";"4000";"3"
"297";"51";"2021-09-07";"4000";"3"
"298";"52";"2021-09-17";"4000";"3"
"299";"1";"2021-10-01";"9000";"3"
"300";"2";"2021-10-01";"12000";"3"
"301";"3";"2021-10-01";"6000";"3"
"302";"4";"2021-10-01";"6000";"3"
"303";"6";"2021-10-01";"6000";"3"
"304";"7";"2021-10-01";"8000";"3"
"305";"8";"2021-10-01";"5000";"3"
"306";"10";"2021-10-01";"12000";"3"
"307";"11";"2021-10-01";"5000";"3"
"308";"13";"2021-10-01";"10000";"3"
"309";"15";"2021-10-01";"10000";"3"
"310";"19";"2021-10-01";"9000";"3"
"311";"20";"2021-10-01";"10000";"3"
"312";"21";"2021-10-01";"10000";"3"
"313";"25";"2021-10-01";"15000";"3"
"314";"27";"2021-10-01";"18000";"3"
"315";"29";"2021-10-01";"5000";"3"
"316";"33";"2021-10-01";"4000";"3"
"317";"36";"2021-10-01";"4000";"3"
"318";"38";"2021-10-01";"6000";"3"
"319";"39";"2021-10-01";"4000";"3"
"320";"40";"2021-10-01";"4000";"3"
"321";"41";"2021-10-01";"4000";"3"
"322";"43";"2021-10-01";"4000";"3"
"323";"44";"2021-10-01";"4000";"3"
"324";"46";"2021-10-01";"4000";"3"
"325";"47";"2021-10-01";"4000";"3"
"326";"48";"2021-10-01";"4000";"3"
"327";"49";"2021-10-01";"4000";"3"
"328";"51";"2021-10-01";"4000";"3"
"329";"52";"2021-10-01";"4000";"3"
"330";"1";"2021-10-01";"9000";"3"
"331";"2";"2021-10-01";"12000";"3"
"332";"3";"2021-10-01";"6000";"3"
"333";"4";"2021-10-01";"6000";"3"
"334";"6";"2021-10-01";"6000";"3"
"335";"7";"2021-10-01";"8000";"3"
"336";"8";"2021-10-01";"5000";"3"
"337";"10";"2021-10-01";"12000";"3"
"338";"11";"2021-10-01";"5000";"3"
"339";"13";"2021-10-01";"10000";"3"
"340";"15";"2021-10-01";"10000";"3"
"341";"19";"2021-10-01";"9000";"3"
"342";"20";"2021-10-01";"10000";"3"
"343";"21";"2021-10-01";"10000";"3"
"344";"25";"2021-10-01";"15000";"3"
"345";"27";"2021-10-01";"18000";"3"
"346";"29";"2021-10-01";"5000";"3"
"347";"33";"2021-10-01";"4000";"3"
"348";"36";"2021-10-01";"4000";"3"
"349";"38";"2021-10-01";"6000";"3"
"350";"39";"2021-10-01";"4000";"3"
"351";"40";"2021-10-01";"4000";"3"
"352";"41";"2021-10-01";"4000";"3"
"353";"43";"2021-10-01";"4000";"3"
"354";"44";"2021-10-01";"4000";"3"
"355";"46";"2021-10-01";"4000";"3"
"356";"47";"2021-10-01";"4000";"3"
"357";"48";"2021-10-01";"4000";"3"
"358";"49";"2021-10-01";"4000";"3"
"359";"51";"2021-10-01";"4000";"3"
"360";"52";"2021-10-01";"4000";"3"
"361";"1";"2021-11-01";"7000";"3"
"362";"2";"2021-11-01";"8000";"3"
"363";"3";"2021-11-01";"5000";"3"
"364";"4";"2021-11-01";"5000";"3"
"365";"6";"2021-11-01";"5000";"3"
"366";"7";"2021-11-01";"5000";"3"
"367";"8";"2021-11-01";"4000";"3"
"368";"10";"2021-11-01";"8000";"3"
"369";"11";"2021-11-01";"4000";"3"
"370";"13";"2021-11-01";"8000";"3"
"371";"15";"2021-11-01";"8000";"3"
"372";"19";"2021-11-01";"7000";"3"
"373";"20";"2021-11-01";"10000";"3"
"374";"21";"2021-11-01";"8000";"3"
"375";"25";"2021-11-01";"8000";"3"
"376";"27";"2021-11-01";"8000";"3"
"377";"29";"2021-11-01";"5000";"3"
"378";"33";"2021-11-01";"4000";"3"
"379";"36";"2021-11-01";"4000";"3"
"380";"38";"2021-11-01";"6000";"3"
"381";"39";"2021-11-01";"4000";"3"
"382";"40";"2021-11-01";"5000";"3"
"383";"41";"2021-11-01";"4000";"3"
"384";"43";"2021-11-01";"4000";"3"
"385";"44";"2021-11-01";"4000";"3"
"386";"46";"2021-11-01";"4000";"3"
"387";"48";"2021-11-01";"4000";"3"
"388";"49";"2021-11-01";"4000";"3"
"389";"51";"2021-11-01";"4000";"3"
"390";"52";"2021-11-01";"4000";"3"
"391";"53";"2021-11-18";"5000";"3"
"392";"1";"2021-12-01";"9100";"3"
"393";"2";"2021-12-01";"10400";"3"
"394";"3";"2021-12-01";"6500";"3"
"395";"4";"2021-12-01";"6500";"3"
"396";"6";"2021-12-01";"6500";"3"
"397";"7";"2021-12-01";"6500";"3"
"398";"8";"2021-12-01";"5200";"3"
"399";"10";"2021-12-01";"10400";"3"
"400";"11";"2021-12-01";"5200";"3"
"401";"13";"2021-12-01";"10400";"3"
"402";"15";"2021-12-01";"10400";"3"
"403";"19";"2021-12-01";"9100";"3"
"404";"20";"2021-12-01";"13000";"3"
"405";"21";"2021-12-01";"10400";"3"
"406";"25";"2021-12-01";"10400";"3"
"407";"27";"2021-12-01";"10400";"3"
"408";"29";"2021-12-01";"6500";"3"
"409";"33";"2021-12-01";"5200";"3"
"410";"36";"2021-12-01";"5200";"3"
"411";"38";"2021-12-01";"7800";"3"
"412";"39";"2021-12-01";"5200";"3"
"413";"40";"2021-12-01";"6500";"3"
"414";"41";"2021-12-01";"5200";"3"
"415";"43";"2021-12-01";"5200";"3"
"416";"44";"2021-12-01";"5200";"3"
"417";"46";"2021-12-01";"5200";"3"
"418";"48";"2021-12-01";"5200";"3"
"419";"49";"2021-12-01";"5200";"3"
"420";"51";"2021-12-01";"5200";"3"
"421";"52";"2021-12-01";"5200";"3"
"1694";"1";"2022-01-01";"22000";"150"
"1695";"1";"2022-02-01";"22000";"150"
"1696";"1";"2022-03-01";"15000";"150"
"1697";"1";"2022-04-01";"22000";"150"
"1698";"1";"2022-05-01";"22000";"150"
"1699";"1";"2022-06-01";"22000";"150"
"1700";"1";"2022-07-01";"4000";"150"
"1701";"1";"2022-08-01";"5500";"150"
"1702";"1";"2022-09-01";"9000";"150"
"1703";"1";"2022-10-01";"12000";"150"
"1704";"1";"2022-11-01";"15000";"150"
"1705";"1";"2022-12-01";"22000";"150"
"1706";"2";"2022-01-01";"22000";"150"
"1707";"2";"2022-02-01";"22000";"150"
"1708";"2";"2022-03-01";"8000";"150"
"1709";"2";"2022-04-01";"22000";"150"
"1710";"2";"2022-05-01";"22000";"150"
"1711";"2";"2022-06-01";"15000";"150"
"1712";"2";"2022-07-01";"6000";"150"
"1713";"2";"2022-08-01";"12000";"150"
"1714";"2";"2022-09-01";"16000";"150"
"1715";"2";"2022-10-01";"16000";"150"
"1716";"2";"2022-11-01";"18000";"150"
"1717";"2";"2022-12-01";"22000";"150"
"1718";"3";"2022-01-01";"22000";"150"
"1719";"3";"2022-02-01";"22000";"150"
"1720";"3";"2022-03-01";"8000";"150"
"1721";"3";"2022-04-01";"22000";"150"
"1722";"3";"2022-05-01";"22000";"150"
"1723";"3";"2022-06-01";"8000";"150"
"1724";"3";"2022-07-01";"2500";"150"
"1725";"3";"2022-08-01";"6000";"150"
"1726";"3";"2022-09-01";"8000";"150"
"1727";"3";"2022-10-01";"10000";"150"
"1728";"3";"2022-11-01";"10000";"150"
"1729";"3";"2022-12-01";"22000";"150"
"1730";"4";"2022-01-01";"22000";"150"
"1731";"4";"2022-02-01";"22000";"150"
"1732";"4";"2022-03-01";"14000";"150"
"1733";"4";"2022-04-01";"22000";"150"
"1734";"4";"2022-05-01";"22000";"150"
"1735";"4";"2022-06-01";"10000";"150"
"1736";"4";"2022-07-01";"4500";"150"
"1737";"4";"2022-08-01";"8000";"150"
"1738";"4";"2022-09-01";"8000";"150"
"1739";"4";"2022-10-01";"10000";"150"
"1740";"4";"2022-11-01";"10000";"150"
"1741";"4";"2022-12-01";"22000";"150"
"1742";"5";"2022-01-01";"22000";"150"
"1743";"5";"2022-02-01";"22000";"150"
"1744";"5";"2022-03-01";"22000";"150"
"1745";"5";"2022-04-01";"22000";"150"
"1746";"5";"2022-05-01";"22000";"150"
"1747";"5";"2022-06-01";"22000";"150"
"1748";"5";"2022-07-01";"22000";"150"
"1749";"5";"2022-08-01";"0";"150"
"1750";"5";"2022-09-01";"0";"150"
"1751";"5";"2022-10-01";"0";"150"
"1752";"5";"2022-11-01";"0";"150"
"1753";"5";"2022-12-01";"22000";"150"
"1754";"6";"2022-01-01";"22000";"150"
"1755";"6";"2022-02-01";"22000";"150"
"1756";"6";"2022-03-01";"22000";"150"
"1757";"6";"2022-04-01";"22000";"150"
"1758";"6";"2022-05-01";"22000";"150"
"1759";"6";"2022-06-01";"22000";"150"
"1760";"6";"2022-07-01";"3500";"150"
"1761";"6";"2022-08-01";"6000";"150"
"1762";"6";"2022-09-01";"0";"150"
"1763";"6";"2022-10-01";"0";"150"
"1764";"6";"2022-11-01";"0";"150"
"1765";"6";"2022-12-01";"22000";"150"
"1766";"7";"2022-01-01";"22000";"150"
"1767";"7";"2022-02-01";"22000";"150"
"1768";"7";"2022-03-01";"22000";"150"
"1769";"7";"2022-04-01";"22000";"150"
"1770";"7";"2022-05-01";"22000";"150"
"1771";"7";"2022-06-01";"22000";"150"
"1772";"7";"2022-07-01";"3000";"150"
"1773";"7";"2022-08-01";"5500";"150"
"1774";"7";"2022-09-01";"0";"150"
"1775";"7";"2022-10-01";"0";"150"
"1776";"7";"2022-11-01";"0";"150"
"1777";"7";"2022-12-01";"22000";"150"
"1778";"8";"2022-01-01";"22000";"150"
"1779";"8";"2022-02-01";"22000";"150"
"1780";"8";"2022-03-01";"5000";"150"
"1781";"8";"2022-04-01";"22000";"150"
"1782";"8";"2022-05-01";"22000";"150"
"1783";"8";"2022-06-01";"10000";"150"
"1784";"8";"2022-07-01";"3000";"150"
"1785";"8";"2022-08-01";"4500";"150"
"1786";"8";"2022-09-01";"6000";"150"
"1787";"8";"2022-10-01";"8000";"150"
"1788";"8";"2022-11-01";"8000";"150"
"1789";"8";"2022-12-01";"22000";"150"
"1790";"9";"2022-01-01";"22000";"150"
"1791";"9";"2022-02-01";"22000";"150"
"1792";"9";"2022-03-01";"30000";"150"
"1793";"9";"2022-04-01";"22000";"150"
"1794";"9";"2022-05-01";"22000";"150"
"1795";"9";"2022-06-01";"30000";"150"
"1796";"9";"2022-07-01";"0";"150"
"1797";"9";"2022-08-01";"40000";"150"
"1798";"9";"2022-09-01";"0";"150"
"1799";"9";"2022-10-01";"0";"150"
"1800";"9";"2022-11-01";"0";"150"
"1801";"9";"2022-12-01";"0";"150"
"1802";"10";"2022-01-01";"22000";"150"
"1803";"10";"2022-02-01";"22000";"150"
"1804";"10";"2022-03-01";"0";"150"
"1805";"10";"2022-04-01";"22000";"150"
"1806";"10";"2022-05-01";"22000";"150"
"1807";"10";"2022-06-01";"20000";"150"
"1808";"10";"2022-07-01";"11000";"150"
"1809";"10";"2022-08-01";"25000";"150"
"1810";"10";"2022-09-01";"25000";"150"
"1811";"10";"2022-10-01";"25000";"150"
"1812";"10";"2022-11-01";"25000";"150"
"1813";"10";"2022-12-01";"22000";"150"
"1814";"11";"2022-01-01";"22000";"150"
"1815";"11";"2022-02-01";"22000";"150"
"1816";"11";"2022-03-01";"5000";"150"
"1817";"11";"2022-04-01";"22000";"150"
"1818";"11";"2022-05-01";"22000";"150"
"1819";"11";"2022-06-01";"8000";"150"
"1820";"11";"2022-07-01";"3000";"150"
"1821";"11";"2022-08-01";"6000";"150"
"1822";"11";"2022-09-01";"6000";"150"
"1823";"11";"2022-10-01";"8000";"150"
"1824";"11";"2022-11-01";"8000";"150"
"1825";"11";"2022-12-01";"22000";"150"
"1826";"13";"2022-01-01";"22000";"150"
"1827";"13";"2022-02-01";"22000";"150"
"1828";"13";"2022-03-01";"10000";"150"
"1829";"13";"2022-04-01";"22000";"150"
"1830";"13";"2022-05-01";"22000";"150"
"1831";"13";"2022-06-01";"10000";"150"
"1832";"13";"2022-07-01";"4000";"150"
"1833";"13";"2022-08-01";"5500";"150"
"1834";"13";"2022-09-01";"0";"150"
"1835";"13";"2022-10-01";"12000";"150"
"1836";"13";"2022-11-01";"15000";"150"
"1837";"13";"2022-12-01";"22000";"150"
"1838";"14";"2022-01-01";"22000";"150"
"1839";"14";"2022-02-01";"22000";"150"
"1840";"14";"2022-03-01";"22000";"150"
"1841";"14";"2022-04-01";"22000";"150"
"1842";"14";"2022-05-01";"22000";"150"
"1843";"14";"2022-06-01";"22000";"150"
"1844";"14";"2022-07-01";"0";"150"
"1845";"14";"2022-08-01";"0";"150"
"1846";"14";"2022-09-01";"0";"150"
"1847";"14";"2022-10-01";"0";"150"
"1848";"14";"2022-11-01";"0";"150"
"1849";"14";"2022-12-01";"0";"150"
"1850";"15";"2022-01-01";"22000";"150"
"1851";"15";"2022-02-01";"22000";"150"
"1852";"15";"2022-03-01";"22000";"150"
"1853";"15";"2022-04-01";"22000";"150"
"1854";"15";"2022-05-01";"22000";"150"
"1855";"15";"2022-06-01";"22000";"150"
"1856";"15";"2022-07-01";"0";"150"
"1857";"15";"2022-08-01";"0";"150"
"1858";"15";"2022-09-01";"0";"150"
"1859";"15";"2022-10-01";"0";"150"
"1860";"15";"2022-11-01";"0";"150"
"1861";"15";"2022-12-01";"0";"150"
"1862";"16";"2022-01-01";"22000";"150"
"1863";"16";"2022-02-01";"22000";"150"
"1864";"16";"2022-03-01";"22000";"150"
"1865";"16";"2022-04-01";"22000";"150"
"1866";"16";"2022-05-01";"22000";"150"
"1867";"16";"2022-06-01";"22000";"150"
"1868";"16";"2022-07-01";"0";"150"
"1869";"16";"2022-08-01";"0";"150"
"1870";"16";"2022-09-01";"0";"150"
"1871";"16";"2022-10-01";"0";"150"
"1872";"16";"2022-11-01";"0";"150"
"1873";"16";"2022-12-01";"0";"150"
"1874";"17";"2022-01-01";"22000";"150"
"1875";"17";"2022-02-01";"22000";"150"
"1876";"17";"2022-03-01";"22000";"150"
"1877";"17";"2022-04-01";"22000";"150"
"1878";"17";"2022-05-01";"22000";"150"
"1879";"17";"2022-06-01";"22000";"150"
"1880";"17";"2022-07-01";"0";"150"
"1881";"17";"2022-08-01";"0";"150"
"1882";"17";"2022-09-01";"0";"150"
"1883";"17";"2022-10-01";"0";"150"
"1884";"17";"2022-11-01";"0";"150"
"1885";"17";"2022-12-01";"0";"150"
"1886";"18";"2022-01-01";"22000";"150"
"1887";"18";"2022-02-01";"22000";"150"
"1888";"18";"2022-03-01";"10000";"150"
"1889";"18";"2022-04-01";"22000";"150"
"1890";"18";"2022-05-01";"22000";"150"
"1891";"18";"2022-06-01";"5000";"150"
"1892";"18";"2022-07-01";"0";"150"
"1893";"18";"2022-08-01";"6000";"150"
"1894";"18";"2022-09-01";"0";"150"
"1895";"18";"2022-10-01";"0";"150"
"1896";"18";"2022-11-01";"0";"150"
"1897";"18";"2022-12-01";"0";"150"
"1898";"19";"2022-01-01";"22000";"150"
"1899";"19";"2022-02-01";"22000";"150"
"1900";"19";"2022-03-01";"5000";"150"
"1901";"19";"2022-04-01";"22000";"150"
"1902";"19";"2022-05-01";"22000";"150"
"1903";"19";"2022-06-01";"10000";"150"
"1904";"19";"2022-07-01";"3500";"150"
"1905";"19";"2022-08-01";"7500";"150"
"1906";"19";"2022-09-01";"8000";"150"
"1907";"19";"2022-10-01";"12000";"150"
"1908";"19";"2022-11-01";"12000";"150"
"1909";"19";"2022-12-01";"22000";"150"
"1910";"20";"2022-01-01";"22000";"150"
"1911";"20";"2022-02-01";"22000";"150"
"1912";"20";"2022-03-01";"7000";"150"
"1913";"20";"2022-04-01";"22000";"150"
"1914";"20";"2022-05-01";"22000";"150"
"1915";"20";"2022-06-01";"10000";"150"
"1916";"20";"2022-07-01";"8000";"150"
"1917";"20";"2022-08-01";"15000";"150"
"1918";"20";"2022-09-01";"15000";"150"
"1919";"20";"2022-10-01";"20000";"150"
"1920";"20";"2022-11-01";"20000";"150"
"1921";"20";"2022-12-01";"22000";"150"
"1922";"21";"2022-01-01";"22000";"150"
"1923";"21";"2022-02-01";"22000";"150"
"1924";"21";"2022-03-01";"10000";"150"
"1925";"21";"2022-04-01";"22000";"150"
"1926";"21";"2022-05-01";"22000";"150"
"1927";"21";"2022-06-01";"10000";"150"
"1928";"21";"2022-07-01";"4000";"150"
"1929";"21";"2022-08-01";"7000";"150"
"1930";"21";"2022-09-01";"12000";"150"
"1931";"21";"2022-10-01";"12000";"150"
"1932";"21";"2022-11-01";"12000";"150"
"1933";"21";"2022-12-01";"22000";"150"
"1934";"22";"2022-01-01";"22000";"150"
"1935";"22";"2022-02-01";"22000";"150"
"1936";"22";"2022-03-01";"22000";"150"
"1937";"22";"2022-04-01";"22000";"150"
"1938";"22";"2022-05-01";"22000";"150"
"1939";"22";"2022-06-01";"22000";"150"
"1940";"22";"2022-07-01";"0";"150"
"1941";"22";"2022-08-01";"0";"150"
"1942";"22";"2022-09-01";"0";"150"
"1943";"22";"2022-10-01";"0";"150"
"1944";"22";"2022-11-01";"0";"150"
"1945";"22";"2022-12-01";"0";"150"
"1946";"23";"2022-01-01";"22000";"150"
"1947";"23";"2022-02-01";"22000";"150"
"1948";"23";"2022-03-01";"5000";"150"
"1949";"23";"2022-04-01";"22000";"150"
"1950";"23";"2022-05-01";"22000";"150"
"1951";"23";"2022-06-01";"10000";"150"
"1952";"23";"2022-07-01";"7000";"150"
"1953";"23";"2022-08-01";"6000";"150"
"1954";"23";"2022-09-01";"8000";"150"
"1955";"23";"2022-10-01";"15000";"150"
"1956";"23";"2022-11-01";"15000";"150"
"1957";"23";"2022-12-01";"22000";"150"
"1958";"24";"2022-01-01";"22000";"150"
"1959";"24";"2022-02-01";"22000";"150"
"1960";"24";"2022-03-01";"22000";"150"
"1961";"24";"2022-04-01";"22000";"150"
"1962";"24";"2022-05-01";"22000";"150"
"1963";"24";"2022-06-01";"22000";"150"
"1964";"24";"2022-07-01";"0";"150"
"1965";"24";"2022-08-01";"0";"150"
"1966";"24";"2022-09-01";"0";"150"
"1967";"24";"2022-10-01";"0";"150"
"1968";"24";"2022-11-01";"0";"150"
"1969";"24";"2022-12-01";"0";"150"
"1970";"25";"2022-01-01";"22000";"150"
"1971";"25";"2022-02-01";"22000";"150"
"1972";"25";"2022-03-01";"7000";"150"
"1973";"25";"2022-04-01";"22000";"150"
"1974";"25";"2022-05-01";"22000";"150"
"1975";"25";"2022-06-01";"15000";"150"
"1976";"25";"2022-07-01";"9000";"150"
"1977";"25";"2022-08-01";"14000";"150"
"1978";"25";"2022-09-01";"16000";"150"
"1979";"25";"2022-10-01";"20000";"150"
"1980";"25";"2022-11-01";"20000";"150"
"1981";"25";"2022-12-01";"22000";"150"
"1982";"26";"2022-01-01";"22000";"150"
"1983";"26";"2022-02-01";"22000";"150"
"1984";"26";"2022-03-01";"22000";"150"
"1985";"26";"2022-04-01";"22000";"150"
"1986";"26";"2022-05-01";"22000";"150"
"1987";"26";"2022-06-01";"22000";"150"
"1988";"26";"2022-07-01";"22000";"150"
"1989";"26";"2022-08-01";"0";"150"
"1990";"26";"2022-09-01";"0";"150"
"1991";"26";"2022-10-01";"0";"150"
"1992";"26";"2022-11-01";"0";"150"
"1993";"26";"2022-12-01";"0";"150"
"2006";"28";"2022-01-01";"22000";"150"
"2007";"28";"2022-02-01";"22000";"150"
"2008";"28";"2022-03-01";"22000";"150"
"2009";"28";"2022-04-01";"22000";"150"
"2010";"28";"2022-05-01";"22000";"150"
"2011";"28";"2022-06-01";"22000";"150"
"2012";"28";"2022-07-01";"0";"150"
"2013";"28";"2022-08-01";"0";"150"
"2014";"28";"2022-09-01";"0";"150"
"2015";"28";"2022-10-01";"0";"150"
"2016";"28";"2022-11-01";"0";"150"
"2017";"28";"2022-12-01";"0";"150"
"2018";"29";"2022-01-01";"22000";"150"
"2019";"29";"2022-02-01";"0";"150"
"2020";"29";"2022-03-01";"8000";"150"
"2021";"29";"2022-04-01";"22000";"150"
"2022";"29";"2022-05-01";"22000";"150"
"2023";"29";"2022-06-01";"8000";"150"
"2024";"29";"2022-07-01";"2500";"150"
"2025";"29";"2022-08-01";"6000";"150"
"2026";"29";"2022-09-01";"8000";"150"
"2027";"29";"2022-10-01";"10000";"150"
"2028";"29";"2022-11-01";"10000";"150"
"2029";"29";"2022-12-01";"22000";"150"
"2030";"30";"2022-01-01";"22000";"150"
"2031";"30";"2022-02-01";"22000";"150"
"2032";"30";"2022-03-01";"22000";"150"
"2033";"30";"2022-04-01";"22000";"150"
"2034";"30";"2022-05-01";"22000";"150"
"2035";"30";"2022-06-01";"22000";"150"
"2036";"30";"2022-07-01";"0";"150"
"2037";"30";"2022-08-01";"0";"150"
"2038";"30";"2022-09-01";"0";"150"
"2039";"30";"2022-10-01";"0";"150"
"2040";"30";"2022-11-01";"0";"150"
"2041";"30";"2022-12-01";"0";"150"
"2042";"31";"2022-01-01";"22000";"150"
"2043";"31";"2022-02-01";"22000";"150"
"2044";"31";"2022-03-01";"22000";"150"
"2045";"31";"2022-04-01";"22000";"150"
"2046";"31";"2022-05-01";"22000";"150"
"2047";"31";"2022-06-01";"22000";"150"
"2048";"31";"2022-07-01";"22000";"150"
"2049";"31";"2022-08-01";"0";"150"
"2050";"31";"2022-09-01";"0";"150"
"2051";"31";"2022-10-01";"0";"150"
"2052";"31";"2022-11-01";"0";"150"
"2053";"31";"2022-12-01";"0";"150"
"2054";"32";"2022-01-01";"22000";"150"
"2055";"32";"2022-02-01";"22000";"150"
"2056";"32";"2022-03-01";"22000";"150"
"2057";"32";"2022-04-01";"22000";"150"
"2058";"32";"2022-05-01";"22000";"150"
"2059";"32";"2022-06-01";"22000";"150"
"2060";"32";"2022-07-01";"22000";"150"
"2061";"32";"2022-08-01";"0";"150"
"2062";"32";"2022-09-01";"0";"150"
"2063";"32";"2022-10-01";"0";"150"
"2064";"32";"2022-11-01";"0";"150"
"2065";"32";"2022-12-01";"0";"150"
"2066";"33";"2022-01-01";"22000";"150"
"2067";"33";"2022-02-01";"22000";"150"
"2068";"33";"2022-03-01";"22000";"150"
"2069";"33";"2022-04-01";"22000";"150"
"2070";"33";"2022-05-01";"22000";"150"
"2071";"33";"2022-06-01";"22000";"150"
"2072";"33";"2022-07-01";"0";"150"
"2073";"33";"2022-08-01";"0";"150"
"2074";"33";"2022-09-01";"0";"150"
"2075";"33";"2022-10-01";"0";"150"
"2076";"33";"2022-11-01";"0";"150"
"2077";"33";"2022-12-01";"0";"150"
"2078";"34";"2022-01-01";"22000";"150"
"2079";"34";"2022-02-01";"22000";"150"
"2080";"34";"2022-03-01";"22000";"150"
"2081";"34";"2022-04-01";"22000";"150"
"2082";"34";"2022-05-01";"22000";"150"
"2083";"34";"2022-06-01";"22000";"150"
"2084";"34";"2022-07-01";"22000";"150"
"2085";"34";"2022-08-01";"0";"150"
"2086";"34";"2022-09-01";"0";"150"
"2087";"34";"2022-10-01";"0";"150"
"2088";"34";"2022-11-01";"0";"150"
"2089";"34";"2022-12-01";"0";"150"
"2090";"35";"2022-01-01";"22000";"150"
"2091";"35";"2022-02-01";"22000";"150"
"2092";"35";"2022-03-01";"22000";"150"
"2093";"35";"2022-04-01";"22000";"150"
"2094";"35";"2022-05-01";"22000";"150"
"2095";"35";"2022-06-01";"22000";"150"
"2096";"35";"2022-07-01";"22000";"150"
"2097";"35";"2022-08-01";"0";"150"
"2098";"35";"2022-09-01";"0";"150"
"2099";"35";"2022-10-01";"0";"150"
"2100";"35";"2022-11-01";"0";"150"
"2101";"35";"2022-12-01";"0";"150"
"2102";"36";"2022-01-01";"22000";"150"
"2103";"36";"2022-02-01";"22000";"150"
"2104";"36";"2022-03-01";"22000";"150"
"2105";"36";"2022-04-01";"22000";"150"
"2106";"36";"2022-05-01";"22000";"150"
"2107";"36";"2022-06-01";"22000";"150"
"2108";"36";"2022-07-01";"3000";"150"
"2109";"36";"2022-08-01";"0";"150"
"2110";"36";"2022-09-01";"0";"150"
"2111";"36";"2022-10-01";"0";"150"
"2112";"36";"2022-11-01";"0";"150"
"2113";"36";"2022-12-01";"0";"150"
"2114";"37";"2022-01-01";"22000";"150"
"2115";"37";"2022-02-01";"22000";"150"
"2116";"37";"2022-03-01";"22000";"150"
"2117";"37";"2022-04-01";"22000";"150"
"2118";"37";"2022-05-01";"22000";"150"
"2119";"37";"2022-06-01";"22000";"150"
"2120";"37";"2022-07-01";"22000";"150"
"2121";"37";"2022-08-01";"22000";"150"
"2122";"37";"2022-09-01";"0";"150"
"2123";"37";"2022-10-01";"0";"150"
"2124";"37";"2022-11-01";"0";"150"
"2125";"37";"2022-12-01";"0";"150"
"2126";"38";"2022-01-01";"22000";"150"
"2127";"38";"2022-02-01";"22000";"150"
"2128";"38";"2022-03-01";"22000";"150"
"2129";"38";"2022-04-01";"22000";"150"
"2130";"38";"2022-05-01";"22000";"150"
"2131";"38";"2022-06-01";"22000";"150"
"2132";"38";"2022-07-01";"0";"150"
"2133";"38";"2022-08-01";"0";"150"
"2134";"38";"2022-09-01";"0";"150"
"2135";"38";"2022-10-01";"0";"150"
"2136";"38";"2022-11-01";"0";"150"
"2137";"38";"2022-12-01";"0";"150"
"2138";"39";"2022-01-01";"22000";"150"
"2139";"39";"2022-02-01";"22000";"150"
"2140";"39";"2022-03-01";"22000";"150"
"2141";"39";"2022-04-01";"22000";"150"
"2142";"39";"2022-05-01";"22000";"150"
"2143";"39";"2022-06-01";"22000";"150"
"2144";"39";"2022-07-01";"0";"150"
"2145";"39";"2022-08-01";"0";"150"
"2146";"39";"2022-09-01";"0";"150"
"2147";"39";"2022-10-01";"0";"150"
"2148";"39";"2022-11-01";"0";"150"
"2149";"39";"2022-12-01";"0";"150"
"2150";"40";"2022-01-01";"22000";"150"
"2151";"40";"2022-02-01";"22000";"150"
"2152";"40";"2022-03-01";"22000";"150"
"2153";"40";"2022-04-01";"22000";"150"
"2154";"40";"2022-05-01";"22000";"150"
"2155";"40";"2022-06-01";"22000";"150"
"2156";"40";"2022-07-01";"22000";"150"
"2157";"40";"2022-08-01";"0";"150"
"2158";"40";"2022-09-01";"0";"150"
"2159";"40";"2022-10-01";"0";"150"
"2160";"40";"2022-11-01";"0";"150"
"2161";"40";"2022-12-01";"0";"150"
"2162";"41";"2022-01-01";"22000";"150"
"2163";"41";"2022-02-01";"22000";"150"
"2164";"41";"2022-03-01";"22000";"150"
"2165";"41";"2022-04-01";"22000";"150"
"2166";"41";"2022-05-01";"22000";"150"
"2167";"41";"2022-06-01";"22000";"150"
"2168";"41";"2022-07-01";"2500";"150"
"2169";"41";"2022-08-01";"4500";"150"
"2170";"41";"2022-09-01";"6000";"150"
"2171";"41";"2022-10-01";"0";"150"
"2172";"41";"2022-11-01";"0";"150"
"2173";"41";"2022-12-01";"22000";"150"
"2174";"42";"2022-01-01";"22000";"150"
"2175";"42";"2022-02-01";"22000";"150"
"2176";"42";"2022-03-01";"22000";"150"
"2177";"42";"2022-04-01";"22000";"150"
"2178";"42";"2022-05-01";"22000";"150"
"2179";"42";"2022-06-01";"22000";"150"
"2180";"42";"2022-07-01";"22000";"150"
"2181";"42";"2022-08-01";"0";"150"
"2182";"42";"2022-09-01";"0";"150"
"2183";"42";"2022-10-01";"0";"150"
"2184";"42";"2022-11-01";"0";"150"
"2185";"42";"2022-12-01";"0";"150"
"2186";"43";"2022-01-01";"22000";"150"
"2187";"43";"2022-02-01";"22000";"150"
"2188";"43";"2022-03-01";"22000";"150"
"2189";"43";"2022-04-01";"22000";"150"
"2190";"43";"2022-05-01";"22000";"150"
"2191";"43";"2022-06-01";"22000";"150"
"2192";"43";"2022-07-01";"3000";"150"
"2193";"43";"2022-08-01";"0";"150"
"2194";"43";"2022-09-01";"0";"150"
"2195";"43";"2022-10-01";"0";"150"
"2196";"43";"2022-11-01";"0";"150"
"2197";"43";"2022-12-01";"0";"150"
"2198";"44";"2022-01-01";"22000";"150"
"2199";"44";"2022-02-01";"22000";"150"
"2200";"44";"2022-03-01";"22000";"150"
"2201";"44";"2022-04-01";"22000";"150"
"2202";"44";"2022-05-01";"22000";"150"
"2203";"44";"2022-06-01";"22000";"150"
"2204";"44";"2022-07-01";"0";"150"
"2205";"44";"2022-08-01";"0";"150"
"2206";"44";"2022-09-01";"0";"150"
"2207";"44";"2022-10-01";"0";"150"
"2208";"44";"2022-11-01";"0";"150"
"2209";"44";"2022-12-01";"0";"150"
"2210";"45";"2022-01-01";"22000";"150"
"2211";"45";"2022-02-01";"22000";"150"
"2212";"45";"2022-03-01";"22000";"150"
"2213";"45";"2022-04-01";"22000";"150"
"2214";"45";"2022-05-01";"22000";"150"
"2215";"45";"2022-06-01";"22000";"150"
"2216";"45";"2022-07-01";"0";"150"
"2217";"45";"2022-08-01";"0";"150"
"2218";"45";"2022-09-01";"0";"150"
"2219";"45";"2022-10-01";"0";"150"
"2220";"45";"2022-11-01";"0";"150"
"2221";"45";"2022-12-01";"0";"150"
"2222";"46";"2022-01-01";"22000";"150"
"2223";"46";"2022-02-01";"22000";"150"
"2224";"46";"2022-03-01";"22000";"150"
"2225";"46";"2022-04-01";"22000";"150"
"2226";"46";"2022-05-01";"22000";"150"
"2227";"46";"2022-06-01";"22000";"150"
"2228";"46";"2022-07-01";"3000";"150"
"2229";"46";"2022-08-01";"0";"150"
"2230";"46";"2022-09-01";"0";"150"
"2231";"46";"2022-10-01";"0";"150"
"2232";"46";"2022-11-01";"9000";"150"
"2233";"46";"2022-12-01";"9000";"150"
"2234";"47";"2022-01-01";"22000";"150"
"2235";"47";"2022-02-01";"22000";"150"
"2236";"47";"2022-03-01";"7000";"150"
"2237";"47";"2022-04-01";"22000";"150"
"2238";"47";"2022-05-01";"22000";"150"
"2239";"47";"2022-06-01";"10000";"150"
"2240";"47";"2022-07-01";"5000";"150"
"2241";"47";"2022-08-01";"9900";"150"
"2242";"47";"2022-09-01";"9500";"150"
"2243";"47";"2022-10-01";"10000";"150"
"2244";"47";"2022-11-01";"10000";"150"
"2245";"47";"2022-12-01";"22000";"150"
"2246";"48";"2022-01-01";"22000";"150"
"2247";"48";"2022-02-01";"22000";"150"
"2248";"48";"2022-03-01";"22000";"150"
"2249";"48";"2022-04-01";"22000";"150"
"2250";"48";"2022-05-01";"22000";"150"
"2251";"48";"2022-06-01";"22000";"150"
"2252";"48";"2022-07-01";"0";"150"
"2253";"48";"2022-08-01";"0";"150"
"2254";"48";"2022-09-01";"0";"150"
"2255";"48";"2022-10-01";"0";"150"
"2256";"48";"2022-11-01";"0";"150"
"2257";"48";"2022-12-01";"0";"150"
"2258";"49";"2022-01-01";"22000";"150"
"2259";"49";"2022-02-01";"22000";"150"
"2260";"49";"2022-03-01";"10000";"150"
"2261";"49";"2022-04-01";"22000";"150"
"2262";"49";"2022-05-01";"22000";"150"
"2263";"49";"2022-06-01";"10000";"150"
"2264";"49";"2022-07-01";"2500";"150"
"2265";"49";"2022-08-01";"5000";"150"
"2266";"49";"2022-09-01";"8000";"150"
"2267";"49";"2022-10-01";"10000";"150"
"2268";"49";"2022-11-01";"12000";"150"
"2269";"49";"2022-12-01";"22000";"150"
"2270";"50";"2022-01-01";"22000";"150"
"2271";"50";"2022-02-01";"22000";"150"
"2272";"50";"2022-03-01";"22000";"150"
"2273";"50";"2022-04-01";"22000";"150"
"2274";"50";"2022-05-01";"22000";"150"
"2275";"50";"2022-06-01";"22000";"150"
"2276";"50";"2022-07-01";"22000";"150"
"2277";"50";"2022-08-01";"0";"150"
"2278";"50";"2022-09-01";"0";"150"
"2279";"50";"2022-10-01";"0";"150"
"2280";"50";"2022-11-01";"0";"150"
"2281";"50";"2022-12-01";"0";"150"
"2282";"51";"2022-01-01";"22000";"150"
"2283";"51";"2022-02-01";"22000";"150"
"2284";"51";"2022-03-01";"22000";"150"
"2285";"51";"2022-04-01";"22000";"150"
"2286";"51";"2022-05-01";"22000";"150"
"2287";"51";"2022-06-01";"22000";"150"
"2288";"51";"2022-07-01";"0";"150"
"2289";"51";"2022-08-01";"0";"150"
"2290";"51";"2022-09-01";"0";"150"
"2291";"51";"2022-10-01";"0";"150"
"2292";"51";"2022-11-01";"0";"150"
"2293";"51";"2022-12-01";"0";"150"
"2294";"52";"2022-01-01";"22000";"150"
"2295";"52";"2022-02-01";"22000";"150"
"2296";"52";"2022-03-01";"22000";"150"
"2297";"52";"2022-04-01";"22000";"150"
"2298";"52";"2022-05-01";"22000";"150"
"2299";"52";"2022-06-01";"0";"150"
"2300";"52";"2022-07-01";"4000";"150"
"2301";"52";"2022-08-01";"0";"150"
"2302";"52";"2022-09-01";"0";"150"
"2303";"52";"2022-10-01";"0";"150"
"2304";"52";"2022-11-01";"0";"150"
"2305";"52";"2022-12-01";"0";"150"
"2306";"53";"2022-01-01";"22000";"150"
"2307";"53";"2022-02-01";"22000";"150"
"2308";"53";"2022-03-01";"22000";"150"
"2309";"53";"2022-04-01";"22000";"150"
"2310";"53";"2022-05-01";"22000";"150"
"2311";"53";"2022-06-01";"22000";"150"
"2312";"53";"2022-07-01";"0";"150"
"2313";"53";"2022-08-01";"0";"150"
"2314";"53";"2022-09-01";"0";"150"
"2315";"53";"2022-10-01";"0";"150"
"2316";"53";"2022-11-01";"0";"150"
"2317";"53";"2022-12-01";"0";"150"
"2318";"800";"2022-01-01";"22000";"150"
"2319";"800";"2022-02-01";"22000";"150"
"2320";"800";"2022-03-01";"22000";"150"
"2321";"800";"2022-04-01";"22000";"150"
"2322";"800";"2022-05-01";"22000";"150"
"2323";"800";"2022-06-01";"22000";"150"
"2324";"800";"2022-07-01";"22000";"150"
"2325";"800";"2022-08-01";"0";"150"
"2326";"800";"2022-09-01";"0";"150"
"2327";"800";"2022-10-01";"0";"150"
"2328";"800";"2022-11-01";"0";"150"
"2329";"800";"2022-12-01";"0";"150"
"2330";"58";"2022-01-01";"22000";"150"
"2331";"58";"2022-02-01";"22000";"150"
"2332";"58";"2022-03-01";"5000";"150"
"2333";"58";"2022-04-01";"22000";"150"
"2334";"58";"2022-05-01";"22000";"150"
"2335";"58";"2022-06-01";"10000";"150"
"2336";"58";"2022-07-01";"2500";"150"
"2337";"58";"2022-08-01";"6000";"150"
"2338";"58";"2022-09-01";"8000";"150"
"2339";"58";"2022-10-01";"9000";"150"
"2340";"58";"2022-11-01";"9000";"150"
"2341";"58";"2022-12-01";"22000";"150"
"2342";"60";"2022-05-03";"20000";"3"
"2416";"27";"2022-01-01";"15000";"150"
"2417";"27";"2022-02-01";"15000";"150"
"2418";"27";"2022-03-01";"12000";"150"
"2419";"27";"2022-04-01";"16000";"150"
"2420";"27";"2022-05-01";"15000";"150"
"2421";"27";"2022-06-01";"20000";"150"
"2422";"27";"2022-07-01";"10760";"150"
"2423";"27";"2022-08-01";"22000";"150"
"2424";"27";"2022-09-01";"22000";"150"
"2425";"27";"2022-10-01";"22000";"150"
"2426";"27";"2022-11-01";"22000";"150"
"2427";"27";"2022-12-01";"21000";"150"
"2440";"55";"2022-01-01";"10000";"150"
"2441";"55";"2022-02-01";"10000";"150"
"2442";"55";"2022-03-01";"10000";"150"
"2443";"55";"2022-04-01";"10000";"150"
"2444";"55";"2022-05-01";"10000";"150"
"2445";"55";"2022-06-01";"10000";"150"
"2446";"55";"2022-07-01";"3000";"150"
"2447";"55";"2022-08-01";"6000";"150"
"2448";"55";"2022-09-01";"8000";"150"
"2449";"55";"2022-10-01";"8000";"150"
"2450";"55";"2022-11-01";"8000";"150"
"2451";"55";"2022-12-01";"3000";"150"
"2452";"54";"2022-01-01";"3000";"150"
"2453";"54";"2022-02-01";"4000";"150"
"2454";"54";"2022-03-01";"5000";"150"
"2455";"54";"2022-04-01";"6000";"150"
"2456";"54";"2022-05-01";"7000";"150"
"2457";"54";"2022-06-01";"0";"150"
"2458";"54";"2022-07-01";"3000";"150"
"2459";"54";"2022-08-01";"0";"150"
"2460";"54";"2022-09-01";"0";"150"
"2461";"54";"2022-10-01";"0";"150"
"2462";"54";"2022-11-01";"9000";"150"
"2463";"54";"2022-12-01";"10000";"150"
"2464";"63";"2022-01-01";"0";"150"
"2465";"63";"2022-02-01";"0";"150"
"2466";"63";"2022-03-01";"0";"150"
"2467";"63";"2022-04-01";"0";"150"
"2468";"63";"2022-05-01";"0";"150"
"2469";"63";"2022-06-01";"0";"150"
"2470";"63";"2022-07-01";"3000";"150"
"2471";"63";"2022-08-01";"6000";"150"
"2472";"63";"2022-09-01";"0";"150"
"2473";"63";"2022-10-01";"0";"150"
"2474";"63";"2022-11-01";"0";"150"
"2475";"63";"2022-12-01";"3000";"150"
"2476";"59";"2022-01-01";"0";"150"
"2477";"59";"2022-02-01";"0";"150"
"2478";"59";"2022-03-01";"0";"150"
"2479";"59";"2022-04-01";"0";"150"
"2480";"59";"2022-05-01";"0";"150"
"2481";"59";"2022-06-01";"0";"150"
"2482";"59";"2022-07-01";"3000";"150"
"2483";"59";"2022-08-01";"0";"150"
"2484";"59";"2022-09-01";"0";"150"
"2485";"59";"2022-10-01";"0";"150"
"2486";"59";"2022-11-01";"0";"150"
"2487";"59";"2022-12-01";"3000";"150"
"2488";"57";"2022-01-01";"0";"150"
"2489";"57";"2022-02-01";"0";"150"
"2490";"57";"2022-03-01";"0";"150"
"2491";"57";"2022-04-01";"0";"150"
"2492";"57";"2022-05-01";"0";"150"
"2493";"57";"2022-06-01";"0";"150"
"2494";"57";"2022-07-01";"3000";"150"
"2495";"57";"2022-08-01";"6000";"150"
"2496";"57";"2022-09-01";"8000";"150"
"2497";"57";"2022-10-01";"8000";"150"
"2498";"57";"2022-11-01";"8000";"150"
"2499";"57";"2022-12-01";"3000";"150"
"2500";"61";"2022-01-01";"0";"150"
"2501";"61";"2022-02-01";"0";"150"
"2502";"61";"2022-03-01";"0";"150"
"2503";"61";"2022-04-01";"0";"150"
"2504";"61";"2022-05-01";"0";"150"
"2505";"61";"2022-06-01";"0";"150"
"2506";"61";"2022-07-01";"3000";"150"
"2507";"61";"2022-08-01";"6000";"150"
"2508";"61";"2022-09-01";"8000";"150"
"2509";"61";"2022-10-01";"8000";"150"
"2510";"61";"2022-11-01";"8000";"150"
"2511";"61";"2022-12-01";"3000";"150"
"2512";"62";"2022-01-01";"0";"150"
"2513";"62";"2022-02-01";"0";"150"
"2514";"62";"2022-03-01";"0";"150"
"2515";"62";"2022-04-01";"0";"150"
"2516";"62";"2022-05-01";"0";"150"
"2517";"62";"2022-06-01";"0";"150"
"2518";"62";"2022-07-01";"3000";"150"
"2519";"62";"2022-08-01";"6000";"150"
"2520";"62";"2022-09-01";"8000";"150"
"2521";"62";"2022-10-01";"8000";"150"
"2522";"62";"2022-11-01";"8000";"150"
"2523";"62";"2022-12-01";"3000";"150"
"2524";"56";"2022-01-01";"0";"150"
"2525";"56";"2022-02-01";"0";"150"
"2526";"56";"2022-03-01";"5000";"150"
"2527";"56";"2022-04-01";"0";"150"
"2528";"56";"2022-05-01";"0";"150"
"2529";"56";"2022-06-01";"0";"150"
"2530";"56";"2022-07-01";"3000";"150"
"2531";"56";"2022-08-01";"0";"150"
"2532";"56";"2022-09-01";"0";"150"
"2533";"56";"2022-10-01";"0";"150"
"2534";"56";"2022-11-01";"0";"150"
"2535";"56";"2022-12-01";"3000";"150"
"2536";"64";"2022-08-09";"0";"3"
"2537";"66";"2022-09-07";"0";"3"
"2538";"67";"2022-09-20";"0";"3"
"2539";"68";"2022-09-30";"0";"3"
"2540";"69";"2022-09-30";"0";"3"
"2541";"70";"2022-10-07";"10000";"3"
"2542";"69";"2022-01-01";"0";"150"
"2543";"69";"2022-02-01";"0";"150"
"2544";"69";"2022-03-01";"10000";"150"
"2545";"69";"2022-04-01";"0";"150"
"2546";"69";"2022-05-01";"0";"150"
"2547";"69";"2022-06-01";"10000";"150"
"2548";"69";"2022-07-01";"0";"150"
"2549";"69";"2022-08-01";"0";"150"
"2550";"69";"2022-09-01";"0";"150"
"2551";"69";"2022-10-01";"10000";"150"
"2552";"69";"2022-11-01";"10000";"150"
"2553";"69";"2022-12-01";"10000";"150"
"2554";"66";"2022-01-01";"0";"150"
"2555";"66";"2022-02-01";"0";"150"
"2556";"66";"2022-03-01";"7000";"150"
"2557";"66";"2022-04-01";"0";"150"
"2558";"66";"2022-05-01";"0";"150"
"2559";"66";"2022-06-01";"10000";"150"
"2560";"66";"2022-07-01";"0";"150"
"2561";"66";"2022-08-01";"0";"150"
"2562";"66";"2022-09-01";"0";"150"
"2563";"66";"2022-10-01";"9000";"150"
"2564";"66";"2022-11-01";"9000";"150"
"2565";"66";"2022-12-01";"9000";"150"
"2566";"70";"2022-01-01";"10000";"150"
"2567";"70";"2022-02-01";"10000";"150"
"2568";"70";"2022-03-01";"10000";"150"
"2569";"70";"2022-04-01";"0";"150"
"2570";"70";"2022-05-01";"0";"150"
"2571";"70";"2022-06-01";"10000";"150"
"2572";"70";"2022-07-01";"0";"150"
"2573";"70";"2022-08-01";"0";"150"
"2574";"70";"2022-09-01";"0";"150"
"2575";"70";"2022-10-01";"10000";"150"
"2576";"70";"2022-11-01";"10000";"150"
"2577";"70";"2022-12-01";"0";"150"
"2579";"71";"2022-01-01";"9000";"150"
"2580";"71";"2022-02-01";"9000";"150"
"2581";"71";"2022-03-01";"5000";"150"
"2582";"71";"2022-04-01";"9000";"150"
"2583";"71";"2022-05-01";"9000";"150"
"2584";"71";"2022-06-01";"0";"150"
"2585";"71";"2022-07-01";"9000";"150"
"2586";"71";"2022-08-01";"9000";"150"
"2587";"71";"2022-09-01";"9000";"150"
"2588";"71";"2022-10-01";"9000";"150"
"2589";"71";"2022-11-01";"9000";"150"
"2590";"71";"2022-12-01";"9000";"150"
"2591";"73";"2023-01-25";"0";"3"
"2592";"9";"2023-01-01";"0";"150"
"2593";"9";"2023-02-01";"0";"150"
"2594";"9";"2023-03-01";"30000";"150"
"2595";"9";"2023-04-01";"0";"150"
"2596";"9";"2023-05-01";"30000";"150"
"2597";"9";"2023-06-01";"30000";"150"
"2598";"9";"2023-07-01";"30000";"150"
"2599";"9";"2023-08-01";"30000";"150"
"2600";"9";"2023-09-01";"0";"150"
"2601";"9";"2023-10-01";"30000";"150"
"2602";"9";"2023-11-01";"30000";"150"
"2603";"9";"2023-12-01";"18000";"150"
"2604";"10";"2023-01-01";"0";"150"
"2605";"10";"2023-02-01";"0";"150"
"2606";"10";"2023-03-01";"0";"150"
"2607";"10";"2023-04-01";"0";"150"
"2608";"10";"2023-05-01";"20000";"150"
"2609";"10";"2023-06-01";"20000";"150"
"2610";"10";"2023-07-01";"20000";"150"
"2611";"10";"2023-08-01";"20000";"150"
"2612";"10";"2023-09-01";"0";"150"
"2613";"10";"2023-10-01";"25000";"150"
"2614";"10";"2023-11-01";"25000";"150"
"2615";"10";"2023-12-01";"12000";"150"
"2616";"11";"2023-01-01";"0";"150"
"2617";"11";"2023-02-01";"0";"150"
"2618";"11";"2023-03-01";"5000";"150"
"2619";"11";"2023-04-01";"0";"150"
"2620";"11";"2023-05-01";"8000";"150"
"2621";"11";"2023-06-01";"8000";"150"
"2622";"11";"2023-07-01";"8000";"150"
"2623";"11";"2023-08-01";"8000";"150"
"2624";"11";"2023-09-01";"0";"150"
"2625";"11";"2023-10-01";"10000";"150"
"2626";"11";"2023-11-01";"10000";"150"
"2627";"11";"2023-12-01";"6000";"150"
"2628";"13";"2023-01-01";"0";"150"
"2629";"13";"2023-02-01";"0";"150"
"2630";"13";"2023-03-01";"10000";"150"
"2631";"13";"2023-04-01";"0";"150"
"2632";"13";"2023-05-01";"10000";"150"
"2633";"13";"2023-06-01";"10000";"150"
"2634";"13";"2023-07-01";"10000";"150"
"2635";"13";"2023-08-01";"10000";"150"
"2636";"13";"2023-09-01";"0";"150"
"2637";"13";"2023-10-01";"0";"150"
"2638";"13";"2023-11-01";"0";"150"
"2639";"13";"2023-12-01";"0";"150"
"2640";"14";"2023-01-01";"0";"150"
"2641";"14";"2023-02-01";"0";"150"
"2642";"14";"2023-03-01";"0";"150"
"2643";"14";"2023-04-01";"0";"150"
"2644";"14";"2023-05-01";"0";"150"
"2645";"14";"2023-06-01";"0";"150"
"2646";"14";"2023-07-01";"0";"150"
"2647";"14";"2023-08-01";"0";"150"
"2648";"14";"2023-09-01";"0";"150"
"2649";"14";"2023-10-01";"0";"150"
"2650";"14";"2023-11-01";"0";"150"
"2651";"14";"2023-12-01";"0";"150"
"2652";"15";"2023-01-01";"0";"150"
"2653";"15";"2023-02-01";"0";"150"
"2654";"15";"2023-03-01";"0";"150"
"2655";"15";"2023-04-01";"0";"150"
"2656";"15";"2023-05-01";"0";"150"
"2657";"15";"2023-06-01";"0";"150"
"2658";"15";"2023-07-01";"0";"150"
"2659";"15";"2023-08-01";"0";"150"
"2660";"15";"2023-09-01";"0";"150"
"2661";"15";"2023-10-01";"0";"150"
"2662";"15";"2023-11-01";"0";"150"
"2663";"15";"2023-12-01";"0";"150"
"2664";"16";"2023-01-01";"0";"150"
"2665";"16";"2023-02-01";"0";"150"
"2666";"16";"2023-03-01";"0";"150"
"2667";"16";"2023-04-01";"0";"150"
"2668";"16";"2023-05-01";"0";"150"
"2669";"16";"2023-06-01";"0";"150"
"2670";"16";"2023-07-01";"0";"150"
"2671";"16";"2023-08-01";"0";"150"
"2672";"16";"2023-09-01";"0";"150"
"2673";"16";"2023-10-01";"0";"150"
"2674";"16";"2023-11-01";"0";"150"
"2675";"16";"2023-12-01";"0";"150"
"2676";"17";"2023-01-01";"0";"150"
"2677";"17";"2023-02-01";"0";"150"
"2678";"17";"2023-03-01";"0";"150"
"2679";"17";"2023-04-01";"0";"150"
"2680";"17";"2023-05-01";"0";"150"
"2681";"17";"2023-06-01";"0";"150"
"2682";"17";"2023-07-01";"0";"150"
"2683";"17";"2023-08-01";"0";"150"
"2684";"17";"2023-09-01";"0";"150"
"2685";"17";"2023-10-01";"0";"150"
"2686";"17";"2023-11-01";"0";"150"
"2687";"17";"2023-12-01";"0";"150"
"2688";"18";"2023-01-01";"0";"150"
"2689";"18";"2023-02-01";"0";"150"
"2690";"18";"2023-03-01";"10000";"150"
"2691";"18";"2023-04-01";"0";"150"
"2692";"18";"2023-05-01";"5000";"150"
"2693";"18";"2023-06-01";"5000";"150"
"2694";"18";"2023-07-01";"5000";"150"
"2695";"18";"2023-08-01";"5000";"150"
"2696";"18";"2023-09-01";"0";"150"
"2697";"18";"2023-10-01";"5000";"150"
"2698";"18";"2023-11-01";"5000";"150"
"2699";"18";"2023-12-01";"6000";"150"
"2700";"19";"2023-01-01";"0";"150"
"2701";"19";"2023-02-01";"0";"150"
"2702";"19";"2023-03-01";"5000";"150"
"2703";"19";"2023-04-01";"0";"150"
"2704";"19";"2023-05-01";"10000";"150"
"2705";"19";"2023-06-01";"10000";"150"
"2706";"19";"2023-07-01";"10000";"150"
"2707";"19";"2023-08-01";"10000";"150"
"2708";"19";"2023-09-01";"0";"150"
"2709";"19";"2023-10-01";"10000";"150"
"2710";"19";"2023-11-01";"10000";"150"
"2711";"19";"2023-12-01";"6000";"150"
"2712";"20";"2023-01-01";"0";"150"
"2713";"20";"2023-02-01";"0";"150"
"2714";"20";"2023-03-01";"7000";"150"
"2715";"20";"2023-04-01";"0";"150"
"2716";"20";"2023-05-01";"10000";"150"
"2717";"20";"2023-06-01";"10000";"150"
"2718";"20";"2023-07-01";"10000";"150"
"2719";"20";"2023-08-01";"10000";"150"
"2720";"20";"2023-09-01";"0";"150"
"2721";"20";"2023-10-01";"12000";"150"
"2722";"20";"2023-11-01";"12000";"150"
"2723";"20";"2023-12-01";"10000";"150"
"2724";"21";"2023-01-01";"0";"150"
"2725";"21";"2023-02-01";"0";"150"
"2726";"21";"2023-03-01";"10000";"150"
"2727";"21";"2023-04-01";"0";"150"
"2728";"21";"2023-05-01";"10000";"150"
"2729";"21";"2023-06-01";"10000";"150"
"2730";"21";"2023-07-01";"10000";"150"
"2731";"21";"2023-08-01";"10000";"150"
"2732";"21";"2023-09-01";"0";"150"
"2733";"21";"2023-10-01";"12000";"150"
"2734";"21";"2023-11-01";"12000";"150"
"2735";"21";"2023-12-01";"7500";"150"
"2736";"22";"2023-01-01";"0";"150"
"2737";"22";"2023-02-01";"0";"150"
"2738";"22";"2023-03-01";"0";"150"
"2739";"22";"2023-04-01";"0";"150"
"2740";"22";"2023-05-01";"0";"150"
"2741";"22";"2023-06-01";"0";"150"
"2742";"22";"2023-07-01";"0";"150"
"2743";"22";"2023-08-01";"0";"150"
"2744";"22";"2023-09-01";"0";"150"
"2745";"22";"2023-10-01";"0";"150"
"2746";"22";"2023-11-01";"0";"150"
"2747";"22";"2023-12-01";"0";"150"
"2748";"23";"2023-01-01";"0";"150"
"2749";"23";"2023-02-01";"0";"150"
"2750";"23";"2023-03-01";"5000";"150"
"2751";"23";"2023-04-01";"0";"150"
"2752";"23";"2023-05-01";"10000";"150"
"2753";"23";"2023-06-01";"10000";"150"
"2754";"23";"2023-07-01";"10000";"150"
"2755";"23";"2023-08-01";"10000";"150"
"2756";"23";"2023-09-01";"0";"150"
"2757";"23";"2023-10-01";"10000";"150"
"2758";"23";"2023-11-01";"10000";"150"
"2759";"23";"2023-12-01";"6000";"150"
"2760";"24";"2023-01-01";"0";"150"
"2761";"24";"2023-02-01";"0";"150"
"2762";"24";"2023-03-01";"0";"150"
"2763";"24";"2023-04-01";"0";"150"
"2764";"24";"2023-05-01";"0";"150"
"2765";"24";"2023-06-01";"0";"150"
"2766";"24";"2023-07-01";"0";"150"
"2767";"24";"2023-08-01";"0";"150"
"2768";"24";"2023-09-01";"0";"150"
"2769";"24";"2023-10-01";"0";"150"
"2770";"24";"2023-11-01";"0";"150"
"2771";"24";"2023-12-01";"0";"150"
"2772";"25";"2023-01-01";"0";"150"
"2773";"25";"2023-02-01";"0";"150"
"2774";"25";"2023-03-01";"7000";"150"
"2775";"25";"2023-04-01";"0";"150"
"2776";"25";"2023-05-01";"15000";"150"
"2777";"25";"2023-06-01";"15000";"150"
"2778";"25";"2023-07-01";"15000";"150"
"2779";"25";"2023-08-01";"15000";"150"
"2780";"25";"2023-09-01";"0";"150"
"2781";"25";"2023-10-01";"15000";"150"
"2782";"25";"2023-11-01";"15000";"150"
"2783";"25";"2023-12-01";"9000";"150"
"2784";"26";"2023-01-01";"0";"150"
"2785";"26";"2023-02-01";"0";"150"
"2786";"26";"2023-03-01";"0";"150"
"2787";"26";"2023-04-01";"0";"150"
"2788";"26";"2023-05-01";"0";"150"
"2789";"26";"2023-06-01";"0";"150"
"2790";"26";"2023-07-01";"0";"150"
"2791";"26";"2023-08-01";"0";"150"
"2792";"26";"2023-09-01";"0";"150"
"2793";"26";"2023-10-01";"0";"150"
"2794";"26";"2023-11-01";"0";"150"
"2795";"26";"2023-12-01";"0";"150"
"2796";"27";"2023-01-01";"0";"150"
"2797";"27";"2023-02-01";"0";"150"
"2798";"27";"2023-03-01";"12000";"150"
"2799";"27";"2023-04-01";"0";"150"
"2800";"27";"2023-05-01";"20000";"150"
"2801";"27";"2023-06-01";"20000";"150"
"2802";"27";"2023-07-01";"20000";"150"
"2803";"27";"2023-08-01";"20000";"150"
"2804";"27";"2023-09-01";"0";"150"
"2805";"27";"2023-10-01";"20000";"150"
"2806";"27";"2023-11-01";"20000";"150"
"2807";"27";"2023-12-01";"12000";"150"
"2808";"28";"2023-01-01";"0";"150"
"2809";"28";"2023-02-01";"0";"150"
"2810";"28";"2023-03-01";"0";"150"
"2811";"28";"2023-04-01";"0";"150"
"2812";"28";"2023-05-01";"0";"150"
"2813";"28";"2023-06-01";"0";"150"
"2814";"28";"2023-07-01";"0";"150"
"2815";"28";"2023-08-01";"0";"150"
"2816";"28";"2023-09-01";"0";"150"
"2817";"28";"2023-10-01";"0";"150"
"2818";"28";"2023-11-01";"0";"150"
"2819";"28";"2023-12-01";"0";"150"
"2820";"29";"2023-01-01";"0";"150"
"2821";"29";"2023-02-01";"0";"150"
"2822";"29";"2023-03-01";"10000";"150"
"2823";"29";"2023-04-01";"0";"150"
"2824";"29";"2023-05-01";"8000";"150"
"2825";"29";"2023-06-01";"8000";"150"
"2826";"29";"2023-07-01";"8000";"150"
"2827";"29";"2023-08-01";"8000";"150"
"2828";"29";"2023-09-01";"0";"150"
"2829";"29";"2023-10-01";"12000";"150"
"2830";"29";"2023-11-01";"12000";"150"
"2831";"29";"2023-12-01";"10000";"150"
"2832";"30";"2023-01-01";"0";"150"
"2833";"30";"2023-02-01";"0";"150"
"2834";"30";"2023-03-01";"0";"150"
"2835";"30";"2023-04-01";"0";"150"
"2836";"30";"2023-05-01";"0";"150"
"2837";"30";"2023-06-01";"0";"150"
"2838";"30";"2023-07-01";"0";"150"
"2839";"30";"2023-08-01";"0";"150"
"2840";"30";"2023-09-01";"0";"150"
"2841";"30";"2023-10-01";"0";"150"
"2842";"30";"2023-11-01";"0";"150"
"2843";"30";"2023-12-01";"0";"150"
"2844";"31";"2023-01-01";"0";"150"
"2845";"31";"2023-02-01";"0";"150"
"2846";"31";"2023-03-01";"0";"150"
"2847";"31";"2023-04-01";"0";"150"
"2848";"31";"2023-05-01";"0";"150"
"2849";"31";"2023-06-01";"0";"150"
"2850";"31";"2023-07-01";"0";"150"
"2851";"31";"2023-08-01";"0";"150"
"2852";"31";"2023-09-01";"0";"150"
"2853";"31";"2023-10-01";"0";"150"
"2854";"31";"2023-11-01";"0";"150"
"2855";"31";"2023-12-01";"0";"150"
"2856";"32";"2023-01-01";"0";"150"
"2857";"32";"2023-02-01";"0";"150"
"2858";"32";"2023-03-01";"0";"150"
"2859";"32";"2023-04-01";"0";"150"
"2860";"32";"2023-05-01";"0";"150"
"2861";"32";"2023-06-01";"0";"150"
"2862";"32";"2023-07-01";"0";"150"
"2863";"32";"2023-08-01";"0";"150"
"2864";"32";"2023-09-01";"0";"150"
"2865";"32";"2023-10-01";"0";"150"
"2866";"32";"2023-11-01";"0";"150"
"2867";"32";"2023-12-01";"0";"150"
"2868";"33";"2023-01-01";"0";"150"
"2869";"33";"2023-02-01";"0";"150"
"2870";"33";"2023-03-01";"0";"150"
"2871";"33";"2023-04-01";"0";"150"
"2872";"33";"2023-05-01";"0";"150"
"2873";"33";"2023-06-01";"0";"150"
"2874";"33";"2023-07-01";"0";"150"
"2875";"33";"2023-08-01";"0";"150"
"2876";"33";"2023-09-01";"0";"150"
"2877";"33";"2023-10-01";"0";"150"
"2878";"33";"2023-11-01";"0";"150"
"2879";"33";"2023-12-01";"0";"150"
"2880";"34";"2023-01-01";"0";"150"
"2881";"34";"2023-02-01";"0";"150"
"2882";"34";"2023-03-01";"0";"150"
"2883";"34";"2023-04-01";"0";"150"
"2884";"34";"2023-05-01";"0";"150"
"2885";"34";"2023-06-01";"0";"150"
"2886";"34";"2023-07-01";"0";"150"
"2887";"34";"2023-08-01";"0";"150"
"2888";"34";"2023-09-01";"0";"150"
"2889";"34";"2023-10-01";"0";"150"
"2890";"34";"2023-11-01";"0";"150"
"2891";"34";"2023-12-01";"0";"150"
"2892";"35";"2023-01-01";"0";"150"
"2893";"35";"2023-02-01";"0";"150"
"2894";"35";"2023-03-01";"0";"150"
"2895";"35";"2023-04-01";"0";"150"
"2896";"35";"2023-05-01";"0";"150"
"2897";"35";"2023-06-01";"0";"150"
"2898";"35";"2023-07-01";"0";"150"
"2899";"35";"2023-08-01";"0";"150"
"2900";"35";"2023-09-01";"0";"150"
"2901";"35";"2023-10-01";"0";"150"
"2902";"35";"2023-11-01";"0";"150"
"2903";"35";"2023-12-01";"0";"150"
"2904";"36";"2023-01-01";"0";"150"
"2905";"36";"2023-02-01";"0";"150"
"2906";"36";"2023-03-01";"0";"150"
"2907";"36";"2023-04-01";"0";"150"
"2908";"36";"2023-05-01";"0";"150"
"2909";"36";"2023-06-01";"0";"150"
"2910";"36";"2023-07-01";"0";"150"
"2911";"36";"2023-08-01";"0";"150"
"2912";"36";"2023-09-01";"0";"150"
"2913";"36";"2023-10-01";"0";"150"
"2914";"36";"2023-11-01";"0";"150"
"2915";"36";"2023-12-01";"0";"150"
"2916";"37";"2023-01-01";"0";"150"
"2917";"37";"2023-02-01";"0";"150"
"2918";"37";"2023-03-01";"0";"150"
"2919";"37";"2023-04-01";"0";"150"
"2920";"37";"2023-05-01";"0";"150"
"2921";"37";"2023-06-01";"0";"150"
"2922";"37";"2023-07-01";"0";"150"
"2923";"37";"2023-08-01";"0";"150"
"2924";"37";"2023-09-01";"0";"150"
"2925";"37";"2023-10-01";"0";"150"
"2926";"37";"2023-11-01";"0";"150"
"2927";"37";"2023-12-01";"0";"150"
"2928";"12";"2023-01-01";"0";"150"
"2929";"12";"2023-02-01";"0";"150"
"2930";"12";"2023-03-01";"0";"150"
"2931";"12";"2023-04-01";"0";"150"
"2932";"12";"2023-05-01";"0";"150"
"2933";"12";"2023-06-01";"0";"150"
"2934";"12";"2023-07-01";"0";"150"
"2935";"12";"2023-08-01";"0";"150"
"2936";"12";"2023-09-01";"0";"150"
"2937";"12";"2023-10-01";"0";"150"
"2938";"12";"2023-11-01";"0";"150"
"2939";"12";"2023-12-01";"0";"150"
"2940";"41";"2023-01-01";"0";"150"
"2941";"41";"2023-02-01";"0";"150"
"2942";"41";"2023-03-01";"0";"150"
"2943";"41";"2023-04-01";"0";"150"
"2944";"41";"2023-05-01";"0";"150"
"2945";"41";"2023-06-01";"0";"150"
"2946";"41";"2023-07-01";"0";"150"
"2947";"41";"2023-08-01";"0";"150"
"2948";"41";"2023-09-01";"0";"150"
"2949";"41";"2023-10-01";"0";"150"
"2950";"41";"2023-11-01";"0";"150"
"2951";"41";"2023-12-01";"0";"150"
"2952";"40";"2023-01-01";"0";"150"
"2953";"40";"2023-02-01";"0";"150"
"2954";"40";"2023-03-01";"0";"150"
"2955";"40";"2023-04-01";"0";"150"
"2956";"40";"2023-05-01";"0";"150"
"2957";"40";"2023-06-01";"0";"150"
"2958";"40";"2023-07-01";"0";"150"
"2959";"40";"2023-08-01";"0";"150"
"2960";"40";"2023-09-01";"0";"150"
"2961";"40";"2023-10-01";"0";"150"
"2962";"40";"2023-11-01";"0";"150"
"2963";"40";"2023-12-01";"0";"150"
"2964";"42";"2023-01-01";"0";"150"
"2965";"42";"2023-02-01";"0";"150"
"2966";"42";"2023-03-01";"0";"150"
"2967";"42";"2023-04-01";"0";"150"
"2968";"42";"2023-05-01";"0";"150"
"2969";"42";"2023-06-01";"0";"150"
"2970";"42";"2023-07-01";"0";"150"
"2971";"42";"2023-08-01";"0";"150"
"2972";"42";"2023-09-01";"0";"150"
"2973";"42";"2023-10-01";"0";"150"
"2974";"42";"2023-11-01";"0";"150"
"2975";"42";"2023-12-01";"0";"150"
"2976";"43";"2023-01-01";"0";"150"
"2977";"43";"2023-02-01";"0";"150"
"2978";"43";"2023-03-01";"0";"150"
"2979";"43";"2023-04-01";"0";"150"
"2980";"43";"2023-05-01";"0";"150"
"2981";"43";"2023-06-01";"0";"150"
"2982";"43";"2023-07-01";"0";"150"
"2983";"43";"2023-08-01";"0";"150"
"2984";"43";"2023-09-01";"0";"150"
"2985";"43";"2023-10-01";"0";"150"
"2986";"43";"2023-11-01";"0";"150"
"2987";"43";"2023-12-01";"0";"150"
"2988";"44";"2023-01-01";"0";"150"
"2989";"44";"2023-02-01";"0";"150"
"2990";"44";"2023-03-01";"0";"150"
"2991";"44";"2023-04-01";"0";"150"
"2992";"44";"2023-05-01";"0";"150"
"2993";"44";"2023-06-01";"0";"150"
"2994";"44";"2023-07-01";"0";"150"
"2995";"44";"2023-08-01";"0";"150"
"2996";"44";"2023-09-01";"0";"150"
"2997";"44";"2023-10-01";"0";"150"
"2998";"44";"2023-11-01";"0";"150"
"2999";"44";"2023-12-01";"0";"150"
"3000";"45";"2023-01-01";"0";"150"
"3001";"45";"2023-02-01";"0";"150"
"3002";"45";"2023-03-01";"0";"150"
"3003";"45";"2023-04-01";"0";"150"
"3004";"45";"2023-05-01";"0";"150"
"3005";"45";"2023-06-01";"0";"150"
"3006";"45";"2023-07-01";"0";"150"
"3007";"45";"2023-08-01";"0";"150"
"3008";"45";"2023-09-01";"0";"150"
"3009";"45";"2023-10-01";"0";"150"
"3010";"45";"2023-11-01";"0";"150"
"3011";"45";"2023-12-01";"0";"150"
"3012";"46";"2023-01-01";"0";"150"
"3013";"46";"2023-02-01";"0";"150"
"3014";"46";"2023-03-01";"0";"150"
"3015";"46";"2023-04-01";"0";"150"
"3016";"46";"2023-05-01";"0";"150"
"3017";"46";"2023-06-01";"0";"150"
"3018";"46";"2023-07-01";"0";"150"
"3019";"46";"2023-08-01";"0";"150"
"3020";"46";"2023-09-01";"0";"150"
"3021";"46";"2023-10-01";"0";"150"
"3022";"46";"2023-11-01";"0";"150"
"3023";"46";"2023-12-01";"0";"150"
"3024";"47";"2023-01-01";"0";"150"
"3025";"47";"2023-02-01";"0";"150"
"3026";"47";"2023-03-01";"7000";"150"
"3027";"47";"2023-04-01";"0";"150"
"3028";"47";"2023-05-01";"10000";"150"
"3029";"47";"2023-06-01";"10000";"150"
"3030";"47";"2023-07-01";"10000";"150"
"3031";"47";"2023-08-01";"10000";"150"
"3032";"47";"2023-09-01";"0";"150"
"3033";"47";"2023-10-01";"10000";"150"
"3034";"47";"2023-11-01";"10000";"150"
"3035";"47";"2023-12-01";"6000";"150"
"3036";"48";"2023-01-01";"0";"150"
"3037";"48";"2023-02-01";"0";"150"
"3038";"48";"2023-03-01";"0";"150"
"3039";"48";"2023-04-01";"0";"150"
"3040";"48";"2023-05-01";"0";"150"
"3041";"48";"2023-06-01";"0";"150"
"3042";"48";"2023-07-01";"0";"150"
"3043";"48";"2023-08-01";"0";"150"
"3044";"48";"2023-09-01";"0";"150"
"3045";"48";"2023-10-01";"0";"150"
"3046";"48";"2023-11-01";"0";"150"
"3047";"48";"2023-12-01";"0";"150"
"3048";"49";"2023-01-01";"0";"150"
"3049";"49";"2023-02-01";"0";"150"
"3050";"49";"2023-03-01";"10000";"150"
"3051";"49";"2023-04-01";"0";"150"
"3052";"49";"2023-05-01";"10000";"150"
"3053";"49";"2023-06-01";"10000";"150"
"3054";"49";"2023-07-01";"10000";"150"
"3055";"49";"2023-08-01";"0";"150"
"3056";"49";"2023-09-01";"0";"150"
"3057";"49";"2023-10-01";"0";"150"
"3058";"49";"2023-11-01";"0";"150"
"3059";"49";"2023-12-01";"0";"150"
"3060";"50";"2023-01-01";"0";"150"
"3061";"50";"2023-02-01";"0";"150"
"3062";"50";"2023-03-01";"0";"150"
"3063";"50";"2023-04-01";"0";"150"
"3064";"50";"2023-05-01";"0";"150"
"3065";"50";"2023-06-01";"0";"150"
"3066";"50";"2023-07-01";"0";"150"
"3067";"50";"2023-08-01";"0";"150"
"3068";"50";"2023-09-01";"0";"150"
"3069";"50";"2023-10-01";"0";"150"
"3070";"50";"2023-11-01";"0";"150"
"3071";"50";"2023-12-01";"0";"150"
"3072";"51";"2023-01-01";"0";"150"
"3073";"51";"2023-02-01";"0";"150"
"3074";"51";"2023-03-01";"0";"150"
"3075";"51";"2023-04-01";"0";"150"
"3076";"51";"2023-05-01";"0";"150"
"3077";"51";"2023-06-01";"0";"150"
"3078";"51";"2023-07-01";"0";"150"
"3079";"51";"2023-08-01";"0";"150"
"3080";"51";"2023-09-01";"0";"150"
"3081";"51";"2023-10-01";"0";"150"
"3082";"51";"2023-11-01";"0";"150"
"3083";"51";"2023-12-01";"0";"150"
"3084";"52";"2023-01-01";"0";"150"
"3085";"52";"2023-02-01";"0";"150"
"3086";"52";"2023-03-01";"0";"150"
"3087";"52";"2023-04-01";"0";"150"
"3088";"52";"2023-05-01";"0";"150"
"3089";"52";"2023-06-01";"0";"150"
"3090";"52";"2023-07-01";"0";"150"
"3091";"52";"2023-08-01";"0";"150"
"3092";"52";"2023-09-01";"0";"150"
"3093";"52";"2023-10-01";"0";"150"
"3094";"52";"2023-11-01";"0";"150"
"3095";"52";"2023-12-01";"0";"150"
"3096";"53";"2023-01-01";"0";"150"
"3097";"53";"2023-02-01";"0";"150"
"3098";"53";"2023-03-01";"0";"150"
"3099";"53";"2023-04-01";"0";"150"
"3100";"53";"2023-05-01";"0";"150"
"3101";"53";"2023-06-01";"0";"150"
"3102";"53";"2023-07-01";"0";"150"
"3103";"53";"2023-08-01";"0";"150"
"3104";"53";"2023-09-01";"0";"150"
"3105";"53";"2023-10-01";"0";"150"
"3106";"53";"2023-11-01";"0";"150"
"3107";"53";"2023-12-01";"0";"150"
"3108";"54";"2023-01-01";"0";"150"
"3109";"54";"2023-02-01";"0";"150"
"3110";"54";"2023-03-01";"5000";"150"
"3111";"54";"2023-04-01";"0";"150"
"3112";"54";"2023-05-01";"0";"150"
"3113";"54";"2023-06-01";"0";"150"
"3114";"54";"2023-07-01";"0";"150"
"3115";"54";"2023-08-01";"8000";"150"
"3116";"54";"2023-09-01";"0";"150"
"3117";"54";"2023-10-01";"8000";"150"
"3118";"54";"2023-11-01";"8000";"150"
"3119";"54";"2023-12-01";"6000";"150"
"3120";"55";"2023-01-01";"0";"150"
"3121";"55";"2023-02-01";"0";"150"
"3122";"55";"2023-03-01";"0";"150"
"3123";"55";"2023-04-01";"0";"150"
"3124";"55";"2023-05-01";"0";"150"
"3125";"55";"2023-06-01";"0";"150"
"3126";"55";"2023-07-01";"0";"150"
"3127";"55";"2023-08-01";"0";"150"
"3128";"55";"2023-09-01";"0";"150"
"3129";"55";"2023-10-01";"0";"150"
"3130";"55";"2023-11-01";"0";"150"
"3131";"55";"2023-12-01";"0";"150"
"3132";"56";"2023-01-01";"0";"150"
"3133";"56";"2023-02-01";"0";"150"
"3134";"56";"2023-03-01";"5000";"150"
"3135";"56";"2023-04-01";"0";"150"
"3136";"56";"2023-05-01";"0";"150"
"3137";"56";"2023-06-01";"0";"150"
"3138";"56";"2023-07-01";"0";"150"
"3139";"56";"2023-08-01";"0";"150"
"3140";"56";"2023-09-01";"0";"150"
"3141";"56";"2023-10-01";"0";"150"
"3142";"56";"2023-11-01";"0";"150"
"3143";"56";"2023-12-01";"0";"150"
"3144";"57";"2023-01-01";"0";"150"
"3145";"57";"2023-02-01";"0";"150"
"3146";"57";"2023-03-01";"0";"150"
"3147";"57";"2023-04-01";"0";"150"
"3148";"57";"2023-05-01";"0";"150"
"3149";"57";"2023-06-01";"0";"150"
"3150";"57";"2023-07-01";"0";"150"
"3151";"57";"2023-08-01";"0";"150"
"3152";"57";"2023-09-01";"0";"150"
"3153";"57";"2023-10-01";"0";"150"
"3154";"57";"2023-11-01";"0";"150"
"3155";"57";"2023-12-01";"0";"150"
"3156";"58";"2023-01-01";"0";"150"
"3157";"58";"2023-02-01";"0";"150"
"3158";"58";"2023-03-01";"5000";"150"
"3159";"58";"2023-04-01";"0";"150"
"3160";"58";"2023-05-01";"10000";"150"
"3161";"58";"2023-06-01";"10000";"150"
"3162";"58";"2023-07-01";"10000";"150"
"3163";"58";"2023-08-01";"10000";"150"
"3164";"58";"2023-09-01";"0";"150"
"3165";"58";"2023-10-01";"10000";"150"
"3166";"58";"2023-11-01";"10000";"150"
"3167";"58";"2023-12-01";"6000";"150"
"3168";"59";"2023-01-01";"0";"150"
"3169";"59";"2023-02-01";"0";"150"
"3170";"59";"2023-03-01";"0";"150"
"3171";"59";"2023-04-01";"0";"150"
"3172";"59";"2023-05-01";"0";"150"
"3173";"59";"2023-06-01";"0";"150"
"3174";"59";"2023-07-01";"0";"150"
"3175";"59";"2023-08-01";"0";"150"
"3176";"59";"2023-09-01";"0";"150"
"3177";"59";"2023-10-01";"0";"150"
"3178";"59";"2023-11-01";"0";"150"
"3179";"59";"2023-12-01";"0";"150"
"3180";"60";"2023-01-01";"0";"150"
"3181";"60";"2023-02-01";"0";"150"
"3182";"60";"2023-03-01";"0";"150"
"3183";"60";"2023-04-01";"0";"150"
"3184";"60";"2023-05-01";"0";"150"
"3185";"60";"2023-06-01";"0";"150"
"3186";"60";"2023-07-01";"0";"150"
"3187";"60";"2023-08-01";"0";"150"
"3188";"60";"2023-09-01";"0";"150"
"3189";"60";"2023-10-01";"0";"150"
"3190";"60";"2023-11-01";"0";"150"
"3191";"60";"2023-12-01";"0";"150"
"3192";"61";"2023-01-01";"0";"150"
"3193";"61";"2023-02-01";"0";"150"
"3194";"61";"2023-03-01";"0";"150"
"3195";"61";"2023-04-01";"0";"150"
"3196";"61";"2023-05-01";"0";"150"
"3197";"61";"2023-06-01";"0";"150"
"3198";"61";"2023-07-01";"0";"150"
"3199";"61";"2023-08-01";"0";"150"
"3200";"61";"2023-09-01";"0";"150"
"3201";"61";"2023-10-01";"0";"150"
"3202";"61";"2023-11-01";"0";"150"
"3203";"61";"2023-12-01";"0";"150"
"3204";"62";"2023-01-01";"0";"150"
"3205";"62";"2023-02-01";"0";"150"
"3206";"62";"2023-03-01";"8000";"150"
"3207";"62";"2023-04-01";"0";"150"
"3208";"62";"2023-05-01";"0";"150"
"3209";"62";"2023-06-01";"0";"150"
"3210";"62";"2023-07-01";"0";"150"
"3211";"62";"2023-08-01";"8000";"150"
"3212";"62";"2023-09-01";"0";"150"
"3213";"62";"2023-10-01";"0";"150"
"3214";"62";"2023-11-01";"0";"150"
"3215";"62";"2023-12-01";"0";"150"
"3216";"63";"2023-01-01";"0";"150"
"3217";"63";"2023-02-01";"0";"150"
"3218";"63";"2023-03-01";"0";"150"
"3219";"63";"2023-04-01";"0";"150"
"3220";"63";"2023-05-01";"0";"150"
"3221";"63";"2023-06-01";"0";"150"
"3222";"63";"2023-07-01";"0";"150"
"3223";"63";"2023-08-01";"0";"150"
"3224";"63";"2023-09-01";"0";"150"
"3225";"63";"2023-10-01";"0";"150"
"3226";"63";"2023-11-01";"0";"150"
"3227";"63";"2023-12-01";"0";"150"
"3228";"64";"2023-01-01";"0";"150"
"3229";"64";"2023-02-01";"0";"150"
"3230";"64";"2023-03-01";"0";"150"
"3231";"64";"2023-04-01";"0";"150"
"3232";"64";"2023-05-01";"0";"150"
"3233";"64";"2023-06-01";"0";"150"
"3234";"64";"2023-07-01";"0";"150"
"3235";"64";"2023-08-01";"0";"150"
"3236";"64";"2023-09-01";"0";"150"
"3237";"64";"2023-10-01";"0";"150"
"3238";"64";"2023-11-01";"0";"150"
"3239";"64";"2023-12-01";"0";"150"
"3240";"65";"2023-01-01";"0";"150"
"3241";"65";"2023-02-01";"0";"150"
"3242";"65";"2023-03-01";"0";"150"
"3243";"65";"2023-04-01";"0";"150"
"3244";"65";"2023-05-01";"0";"150"
"3245";"65";"2023-06-01";"0";"150"
"3246";"65";"2023-07-01";"0";"150"
"3247";"65";"2023-08-01";"0";"150"
"3248";"65";"2023-09-01";"0";"150"
"3249";"65";"2023-10-01";"0";"150"
"3250";"65";"2023-11-01";"0";"150"
"3251";"65";"2023-12-01";"0";"150"
"3252";"66";"2023-01-01";"0";"150"
"3253";"66";"2023-02-01";"0";"150"
"3254";"66";"2023-03-01";"7000";"150"
"3255";"66";"2023-04-01";"0";"150"
"3256";"66";"2023-05-01";"10000";"150"
"3257";"66";"2023-06-01";"10000";"150"
"3258";"66";"2023-07-01";"10000";"150"
"3259";"66";"2023-08-01";"10000";"150"
"3260";"66";"2023-09-01";"0";"150"
"3261";"66";"2023-10-01";"10000";"150"
"3262";"66";"2023-11-01";"10000";"150"
"3263";"66";"2023-12-01";"6000";"150"
"3264";"67";"2023-01-01";"0";"150"
"3265";"67";"2023-02-01";"0";"150"
"3266";"67";"2023-03-01";"0";"150"
"3267";"67";"2023-04-01";"0";"150"
"3268";"67";"2023-05-01";"0";"150"
"3269";"67";"2023-06-01";"0";"150"
"3270";"67";"2023-07-01";"0";"150"
"3271";"67";"2023-08-01";"0";"150"
"3272";"67";"2023-09-01";"0";"150"
"3273";"67";"2023-10-01";"0";"150"
"3274";"67";"2023-11-01";"0";"150"
"3275";"67";"2023-12-01";"0";"150"
"3276";"68";"2023-01-01";"0";"150"
"3277";"68";"2023-02-01";"0";"150"
"3278";"68";"2023-03-01";"0";"150"
"3279";"68";"2023-04-01";"0";"150"
"3280";"68";"2023-05-01";"0";"150"
"3281";"68";"2023-06-01";"0";"150"
"3282";"68";"2023-07-01";"0";"150"
"3283";"68";"2023-08-01";"0";"150"
"3284";"68";"2023-09-01";"0";"150"
"3285";"68";"2023-10-01";"8000";"150"
"3286";"68";"2023-11-01";"8000";"150"
"3287";"68";"2023-12-01";"10000";"150"
"3288";"69";"2023-01-01";"0";"150"
"3289";"69";"2023-02-01";"0";"150"
"3290";"69";"2023-03-01";"10000";"150"
"3291";"69";"2023-04-01";"0";"150"
"3292";"69";"2023-05-01";"10000";"150"
"3293";"69";"2023-06-01";"10000";"150"
"3294";"69";"2023-07-01";"10000";"150"
"3295";"69";"2023-08-01";"8000";"150"
"3296";"69";"2023-09-01";"0";"150"
"3297";"69";"2023-10-01";"8000";"150"
"3298";"69";"2023-11-01";"8000";"150"
"3299";"69";"2023-12-01";"0";"150"
"3300";"70";"2023-01-01";"0";"150"
"3301";"70";"2023-02-01";"0";"150"
"3302";"70";"2023-03-01";"10000";"150"
"3303";"70";"2023-04-01";"0";"150"
"3304";"70";"2023-05-01";"10000";"150"
"3305";"70";"2023-06-01";"10000";"150"
"3306";"70";"2023-07-01";"10000";"150"
"3307";"70";"2023-08-01";"10000";"150"
"3308";"70";"2023-09-01";"0";"150"
"3309";"70";"2023-10-01";"10000";"150"
"3310";"70";"2023-11-01";"10000";"150"
"3311";"70";"2023-12-01";"6000";"150"
"3312";"71";"2023-01-01";"0";"150"
"3313";"71";"2023-02-01";"0";"150"
"3314";"71";"2023-03-01";"5000";"150"
"3315";"71";"2023-04-01";"0";"150"
"3316";"71";"2023-05-01";"0";"150"
"3317";"71";"2023-06-01";"0";"150"
"3318";"71";"2023-07-01";"0";"150"
"3319";"71";"2023-08-01";"8000";"150"
"3320";"71";"2023-09-01";"0";"150"
"3321";"71";"2023-10-01";"8000";"150"
"3322";"71";"2023-11-01";"8000";"150"
"3323";"71";"2023-12-01";"0";"150"
"3324";"73";"2023-01-01";"0";"150"
"3325";"73";"2023-02-01";"0";"150"
"3326";"73";"2023-03-01";"5000";"150"
"3327";"73";"2023-04-01";"0";"150"
"3328";"73";"2023-05-01";"0";"150"
"3329";"73";"2023-06-01";"0";"150"
"3330";"73";"2023-07-01";"0";"150"
"3331";"73";"2023-08-01";"0";"150"
"3332";"73";"2023-09-01";"8000";"150"
"3333";"73";"2023-10-01";"8000";"150"
"3334";"73";"2023-11-01";"8000";"150"
"3335";"73";"2023-12-01";"6000";"150"
"3336";"2";"2023-01-01";"0";"150"
"3337";"2";"2023-02-01";"0";"150"
"3338";"2";"2023-03-01";"8000";"150"
"3339";"2";"2023-04-01";"0";"150"
"3340";"2";"2023-05-01";"15000";"150"
"3341";"2";"2023-06-01";"15000";"150"
"3342";"2";"2023-07-01";"15000";"150"
"3343";"2";"2023-08-01";"15000";"150"
"3344";"2";"2023-09-01";"0";"150"
"3345";"2";"2023-10-01";"15000";"150"
"3346";"2";"2023-11-01";"15000";"150"
"3347";"2";"2023-12-01";"9000";"150"
"3348";"3";"2023-01-01";"0";"150"
"3349";"3";"2023-02-01";"0";"150"
"3350";"3";"2023-03-01";"8000";"150"
"3351";"3";"2023-04-01";"0";"150"
"3352";"3";"2023-05-01";"8000";"150"
"3353";"3";"2023-06-01";"8000";"150"
"3354";"3";"2023-07-01";"8000";"150"
"3355";"3";"2023-08-01";"8000";"150"
"3356";"3";"2023-09-01";"0";"150"
"3357";"3";"2023-10-01";"0";"150"
"3358";"3";"2023-11-01";"0";"150"
"3359";"3";"2023-12-01";"0";"150"
"3360";"4";"2023-01-01";"0";"150"
"3361";"4";"2023-02-01";"0";"150"
"3362";"4";"2023-03-01";"14000";"150"
"3363";"4";"2023-04-01";"0";"150"
"3364";"4";"2023-05-01";"10000";"150"
"3365";"4";"2023-06-01";"10000";"150"
"3366";"4";"2023-07-01";"10000";"150"
"3367";"4";"2023-08-01";"10000";"150"
"3368";"4";"2023-09-01";"0";"150"
"3369";"4";"2023-10-01";"15000";"150"
"3370";"4";"2023-11-01";"15000";"150"
"3371";"4";"2023-12-01";"9000";"150"
"3372";"5";"2023-01-01";"0";"150"
"3373";"5";"2023-02-01";"0";"150"
"3374";"5";"2023-03-01";"0";"150"
"3375";"5";"2023-04-01";"0";"150"
"3376";"5";"2023-05-01";"0";"150"
"3377";"5";"2023-06-01";"0";"150"
"3378";"5";"2023-07-01";"0";"150"
"3379";"5";"2023-08-01";"0";"150"
"3380";"5";"2023-09-01";"0";"150"
"3381";"5";"2023-10-01";"0";"150"
"3382";"5";"2023-11-01";"0";"150"
"3383";"5";"2023-12-01";"0";"150"
"3384";"6";"2023-01-01";"0";"150"
"3385";"6";"2023-02-01";"0";"150"
"3386";"6";"2023-03-01";"0";"150"
"3387";"6";"2023-04-01";"0";"150"
"3388";"6";"2023-05-01";"0";"150"
"3389";"6";"2023-06-01";"0";"150"
"3390";"6";"2023-07-01";"0";"150"
"3391";"6";"2023-08-01";"0";"150"
"3392";"6";"2023-09-01";"0";"150"
"3393";"6";"2023-10-01";"0";"150"
"3394";"6";"2023-11-01";"0";"150"
"3395";"6";"2023-12-01";"0";"150"
"3396";"7";"2023-01-01";"0";"150"
"3397";"7";"2023-02-01";"0";"150"
"3398";"7";"2023-03-01";"0";"150"
"3399";"7";"2023-04-01";"0";"150"
"3400";"7";"2023-05-01";"0";"150"
"3401";"7";"2023-06-01";"0";"150"
"3402";"7";"2023-07-01";"0";"150"
"3403";"7";"2023-08-01";"0";"150"
"3404";"7";"2023-09-01";"0";"150"
"3405";"7";"2023-10-01";"0";"150"
"3406";"7";"2023-11-01";"0";"150"
"3407";"7";"2023-12-01";"0";"150"
"3408";"1";"2023-01-01";"0";"150"
"3409";"1";"2023-02-01";"0";"150"
"3410";"1";"2023-03-01";"15000";"150"
"3411";"1";"2023-04-01";"0";"150"
"3412";"1";"2023-05-01";"15000";"150"
"3413";"1";"2023-06-01";"15000";"150"
"3414";"1";"2023-07-01";"15000";"150"
"3415";"1";"2023-08-01";"15000";"150"
"3416";"1";"2023-09-01";"0";"150"
"3417";"1";"2023-10-01";"20000";"150"
"3418";"1";"2023-11-01";"20000";"150"
"3419";"1";"2023-12-01";"9000";"150"
"3420";"8";"2023-01-01";"0";"150"
"3421";"8";"2023-02-01";"0";"150"
"3422";"8";"2023-03-01";"5000";"150"
"3423";"8";"2023-04-01";"0";"150"
"3424";"8";"2023-05-01";"10000";"150"
"3425";"8";"2023-06-01";"10000";"150"
"3426";"8";"2023-07-01";"10000";"150"
"3427";"8";"2023-08-01";"8000";"150"
"3428";"8";"2023-09-01";"0";"150"
"3429";"8";"2023-10-01";"8000";"150"
"3430";"8";"2023-11-01";"8000";"150"
"3431";"8";"2023-12-01";"6000";"150"
"3432";"72";"2023-03-02";"14000";"3"
"3433";"72";"2023-01-01";"12000";"150"
"3434";"72";"2023-02-01";"12000";"150"
"3435";"72";"2023-03-01";"14000";"150"
"3436";"72";"2023-04-01";"12000";"150"
"3437";"72";"2023-05-01";"0";"150"
"3438";"72";"2023-06-01";"0";"150"
"3439";"72";"2023-07-01";"0";"150"
"3440";"72";"2023-08-01";"12000";"150"
"3441";"72";"2023-09-01";"0";"150"
"3442";"72";"2023-10-01";"0";"150"
"3443";"72";"2023-11-01";"10000";"150"
"3444";"72";"2023-12-01";"7000";"150"
"3445";"74";"2023-05-22";"0";"3"
"3446";"75";"2023-06-13";"0";"3"
"3447";"76";"2023-06-13";"0";"3"
"3448";"77";"2023-06-13";"0";"3"
"3449";"78";"2023-06-26";"0";"3"
"3450";"79";"2023-06-26";"0";"3"
"3451";"80";"2023-06-30";"0";"3"
"3452";"403";"2023-07-03";"0";"3"
"3453";"79";"2023-01-01";"0";"150"
"3454";"79";"2023-02-01";"0";"150"
"3455";"79";"2023-03-01";"5000";"150"
"3456";"79";"2023-04-01";"0";"150"
"3457";"79";"2023-05-01";"0";"150"
"3458";"79";"2023-06-01";"0";"150"
"3459";"79";"2023-07-01";"0";"150"
"3460";"79";"2023-08-01";"0";"150"
"3461";"78";"2023-01-01";"0";"150"
"3462";"78";"2023-02-01";"0";"150"
"3463";"78";"2023-03-01";"5000";"150"
"3464";"78";"2023-04-01";"0";"150"
"3465";"78";"2023-05-01";"0";"150"
"3466";"78";"2023-06-01";"0";"150"
"3467";"78";"2023-07-01";"0";"150"
"3468";"78";"2023-08-01";"0";"150"
"3469";"78";"2023-09-01";"0";"150"
"3470";"78";"2023-10-01";"0";"150"
"3471";"78";"2023-11-01";"10000";"150"
"3472";"78";"2023-12-01";"6000";"150"
"3473";"74";"2023-01-01";"0";"150"
"3474";"74";"2023-02-01";"0";"150"
"3475";"74";"2023-03-01";"7000";"150"
"3476";"74";"2023-04-01";"0";"150"
"3477";"74";"2023-05-01";"0";"150"
"3478";"74";"2023-06-01";"0";"150"
"3479";"74";"2023-07-01";"0";"150"
"3480";"74";"2023-08-01";"0";"150"
"3481";"75";"2023-01-01";"0";"150"
"3482";"75";"2023-02-01";"0";"150"
"3483";"75";"2023-03-01";"7000";"150"
"3484";"75";"2023-04-01";"0";"150"
"3485";"75";"2023-05-01";"0";"150"
"3486";"75";"2023-06-01";"0";"150"
"3487";"75";"2023-07-01";"0";"150"
"3488";"75";"2023-08-01";"0";"150"
"3489";"75";"2023-09-01";"0";"150"
"3490";"75";"2023-10-01";"0";"150"
"3491";"75";"2023-11-01";"10000";"150"
"3492";"75";"2023-12-01";"6000";"150"
"3493";"77";"2023-01-01";"0";"150"
"3494";"77";"2023-02-01";"0";"150"
"3495";"77";"2023-03-01";"0";"150"
"3496";"77";"2023-04-01";"0";"150"
"3497";"77";"2023-05-01";"0";"150"
"3498";"77";"2023-06-01";"0";"150"
"3499";"77";"2023-07-01";"0";"150"
"3500";"77";"2023-08-01";"0";"150"
"3501";"77";"2023-09-01";"0";"150"
"3502";"77";"2023-10-01";"8000";"150"
"3503";"77";"2023-11-01";"10000";"150"
"3504";"77";"2023-12-01";"10000";"150"
"3505";"80";"2023-01-01";"0";"150"
"3506";"80";"2023-02-01";"0";"150"
"3507";"80";"2023-03-01";"0";"150"
"3508";"80";"2023-04-01";"0";"150"
"3509";"80";"2023-05-01";"0";"150"
"3510";"80";"2023-06-01";"0";"150"
"3511";"80";"2023-07-01";"0";"150"
"3512";"80";"2023-08-01";"0";"150"
"3513";"80";"2023-09-01";"0";"150"
"3514";"80";"2023-10-01";"0";"150"
"3515";"80";"2023-11-01";"40000";"150"
"3516";"80";"2023-12-01";"12000";"150"
"3517";"81";"2023-08-16";"0";"3"
"3518";"81";"2023-01-01";"0";"150"
"3519";"81";"2023-02-01";"0";"150"
"3520";"81";"2023-03-01";"14000";"150"
"3521";"81";"2023-04-01";"0";"150"
"3522";"81";"2023-05-01";"0";"150"
"3523";"81";"2023-06-01";"0";"150"
"3524";"81";"2023-07-01";"0";"150"
"3525";"81";"2023-08-01";"0";"150"
"3526";"81";"2023-09-01";"0";"150"
"3527";"81";"2023-10-01";"0";"150"
"3528";"81";"2023-11-01";"10000";"150"
"3529";"81";"2023-12-01";"9000";"150"
"3530";"74";"2023-09-01";"0";"150"
"3531";"74";"2023-10-01";"0";"150"
"3532";"74";"2023-11-01";"10000";"150"
"3533";"74";"2023-12-01";"10000";"150"
"3534";"79";"2023-09-01";"0";"150"
"3535";"79";"2023-10-01";"0";"150"
"3536";"79";"2023-11-01";"10000";"150"
"3537";"79";"2023-12-01";"6000";"150"
"3538";"82";"2023-11-13";"0";"3"
"3539";"82";"2023-01-01";"0";"150"
"3540";"82";"2023-02-01";"0";"150"
"3541";"83";"2024-01-11";"0";"3"
"3542";"9";"2024-01-01";"30000";"150"
"3543";"10";"2024-01-01";"12000";"150"
"3544";"21";"2024-01-01";"8000";"150"
"3545";"78";"2024-01-01";"5000";"150"
"3546";"75";"2024-01-01";"7000";"150"
"3547";"20";"2024-01-01";"7000";"150"
"3548";"56";"2024-01-01";"5000";"150"
"3549";"2";"2024-01-01";"10000";"150"
"3550";"18";"2024-01-01";"10000";"150"
"3551";"58";"2024-01-01";"5000";"150"
"3552";"54";"2024-01-01";"5000";"150"
"3553";"29";"2024-01-01";"7000";"150"
"3554";"74";"2024-01-01";"7000";"150"
"3555";"79";"2024-01-01";"5000";"150"
"3556";"83";"2024-01-01";"0";"150"
"3557";"8";"2024-01-01";"5000";"150"
"3558";"27";"2024-01-01";"12000";"150"
"3559";"71";"2024-01-01";"5000";"150"
"3560";"73";"2024-01-01";"5000";"150"
"3561";"68";"2024-01-01";"7000";"150"
"3562";"19";"2024-01-01";"5000";"150"
"3563";"23";"2024-01-01";"5000";"150"
"3564";"1";"2024-01-01";"10000";"150"
"3565";"25";"2024-01-01";"7000";"150"
"3566";"4";"2024-01-01";"7000";"150"
"3567";"66";"2024-01-01";"7000";"150"
"3568";"11";"2024-01-01";"5000";"150"
"3569";"47";"2024-01-01";"7000";"150"
"3570";"80";"2024-01-01";"10000";"150"
"3571";"81";"2024-01-01";"7000";"150"
"3572";"72";"2024-01-01";"7000";"150"
"3573";"70";"2024-01-01";"5000";"150"
"3574";"82";"2024-01-01";"5000";"150"
"3575";"46";"2024-01-01";"5000";"150"
"3576";"83";"2024-02-01";"0";"150"
"3577";"9";"2024-02-01";"30000";"150"
"3578";"1";"2024-02-01";"10000";"150"
"3579";"10";"2024-02-01";"12000";"150"
"3580";"27";"2024-02-01";"12000";"150"
"3581";"2";"2024-02-01";"8000";"150"
"3582";"66";"2024-02-01";"7000";"150"
"3583";"21";"2024-02-01";"8000";"150"
"3584";"4";"2024-02-01";"14000";"150"
"3585";"20";"2024-02-01";"7000";"150"
"3586";"23";"2024-02-01";"5000";"150"
"3587";"25";"2024-02-01";"7000";"150"
"3588";"81";"2024-02-01";"14000";"150"
"3589";"82";"2024-02-01";"5000";"150"
"3590";"58";"2024-02-01";"5000";"150"
"3591";"19";"2024-02-01";"5000";"150"
"3592";"70";"2024-02-01";"5000";"150"
"3593";"18";"2024-02-01";"10000";"150"
"3594";"47";"2024-02-01";"7000";"150"
"3595";"29";"2024-02-01";"0";"150"
"3596";"72";"2024-02-01";"14000";"150"
"3597";"11";"2024-02-01";"5000";"150"
"3598";"73";"2024-02-01";"5000";"150"
"3599";"54";"2024-02-01";"5000";"150"
"3600";"8";"2024-02-01";"5000";"150"
"3601";"80";"2024-02-01";"18000";"150"
"3602";"78";"2024-02-01";"5000";"150"
"3603";"71";"2024-02-01";"5000";"150"
"3604";"56";"2024-02-01";"5000";"150"
"3605";"68";"2024-02-01";"7000";"150"
"3606";"79";"2024-02-01";"5000";"150"
"3607";"83";"2024-03-01";"5000";"150"
"3608";"74";"2024-02-01";"7000";"150"
"3609";"75";"2024-02-01";"7000";"150"
"3610";"49";"2024-01-01";"0";"150"
"3611";"49";"2024-02-01";"5000";"150"
"3612";"49";"2024-03-01";"0";"150"
"3613";"49";"2024-04-01";"0";"150"
"3614";"49";"2024-05-01";"0";"150"
"3615";"49";"2024-06-01";"8000";"150"
"3616";"49";"2024-07-01";"8000";"150"
"3617";"49";"2024-08-01";"10000";"150"
"3618";"49";"2024-09-01";"14000";"150"
"3619";"49";"2024-10-01";"15400";"150"
"3620";"49";"2024-11-01";"15400";"150"
"3621";"49";"2024-12-01";"15400";"150"
"3622";"84";"2024-02-16";"0";"3"
"3623";"85";"2024-02-20";"0";"3"
"3624";"9";"2024-03-01";"30000";"150"
"3625";"78";"2024-03-01";"5000";"150"
"3626";"27";"2024-03-01";"12000";"150"
"3627";"10";"2024-03-01";"12000";"150"
"3628";"20";"2024-03-01";"7000";"150"
"3629";"58";"2024-03-01";"5000";"150"
"3630";"18";"2024-03-01";"10000";"150"
"3631";"19";"2024-03-01";"5000";"150"
"3632";"66";"2024-03-01";"7000";"150"
"3633";"83";"2024-04-01";"5000";"150"
"3634";"74";"2024-03-01";"7000";"150"
"3635";"25";"2024-03-01";"7000";"150"
"3636";"2";"2024-03-01";"8000";"150"
"3637";"4";"2024-03-01";"14000";"150"
"3638";"47";"2024-03-01";"7000";"150"
"3639";"11";"2024-03-01";"5000";"150"
"3640";"81";"2024-03-01";"14000";"150"
"3641";"8";"2024-03-01";"5000";"150"
"3642";"72";"2024-03-01";"14000";"150"
"3643";"79";"2024-03-01";"5000";"150"
"3644";"75";"2024-03-01";"7000";"150"
"3645";"56";"2024-03-01";"5000";"150"
"3646";"73";"2024-03-01";"5000";"150"
"3647";"54";"2024-03-01";"5000";"150"
"3648";"71";"2024-03-01";"5000";"150"
"3649";"84";"2024-01-01";"0";"150"
"3650";"86";"2024-03-01";"8000";"3"
"3651";"87";"2024-03-01";"8000";"3"
"3652";"88";"2024-03-01";"8000";"3"
"3653";"89";"2024-03-01";"8000";"3"
"3654";"90";"2024-03-01";"8000";"3"
"3655";"21";"2024-03-01";"8000";"150"
"3656";"80";"2024-03-01";"8000";"150"
"3657";"70";"2024-03-01";"1";"150"
"3658";"70";"2024-04-01";"0";"150"
"3659";"9";"2024-04-01";"30000";"150"
"3660";"9";"2024-05-01";"50000";"150"
"3661";"9";"2024-06-01";"50000";"150"
"3662";"9";"2024-07-01";"50000";"150"
"3663";"9";"2024-08-01";"50000";"150"
"3664";"9";"2024-09-01";"65000";"150"
"3665";"9";"2024-10-01";"71500";"150"
"3666";"9";"2024-11-01";"71500";"150"
"3667";"9";"2024-12-01";"71500";"150"
"3668";"1";"2024-03-01";"8000";"150"
"3669";"1";"2024-04-01";"8000";"150"
"3670";"1";"2024-05-01";"20000";"150"
"3671";"1";"2024-06-01";"20000";"150"
"3672";"1";"2024-07-01";"20000";"150"
"3673";"1";"2024-08-01";"20000";"150"
"3674";"1";"2024-09-01";"26000";"150"
"3675";"1";"2024-10-01";"28600";"150"
"3676";"1";"2024-11-01";"28600";"150"
"3677";"1";"2024-12-01";"28600";"150"
"3678";"82";"2024-03-01";"1";"150"
"3679";"82";"2024-04-01";"0";"150"
"3680";"82";"2024-05-01";"0";"150"
"3681";"82";"2024-06-01";"0";"150"
"3682";"82";"2024-07-01";"0";"150"
"3683";"82";"2024-08-01";"0";"150"
"3684";"82";"2024-09-01";"0";"150"
"3685";"82";"2024-10-01";"0";"150"
"3686";"82";"2024-11-01";"0";"150"
"3687";"82";"2024-12-01";"0";"150"
"3688";"21";"2024-04-01";"8000";"150"
"3689";"21";"2024-05-01";"11000";"150"
"3690";"21";"2024-06-01";"10000";"150"
"3691";"21";"2024-07-01";"10000";"150"
"3692";"21";"2024-08-01";"10000";"150"
"3693";"21";"2024-09-01";"13000";"150"
"3694";"21";"2024-10-01";"14300";"150"
"3695";"21";"2024-11-01";"14300";"150"
"3696";"21";"2024-12-01";"14300";"150"
"3697";"80";"2024-04-01";"8000";"150"
"3698";"80";"2024-05-01";"20000";"150"
"3699";"80";"2024-06-01";"20000";"150"
"3700";"80";"2024-07-01";"20000";"150"
"3701";"80";"2024-08-01";"20000";"150"
"3702";"80";"2024-09-01";"26000";"150"
"3703";"80";"2024-10-01";"28600";"150"
"3704";"80";"2024-11-01";"28600";"150"
"3705";"80";"2024-12-01";"28600";"150"
"3706";"70";"2024-05-01";"0";"150"
"3707";"70";"2024-06-01";"0";"150"
"3708";"70";"2024-07-01";"0";"150"
"3709";"70";"2024-08-01";"0";"150"
"3710";"70";"2024-09-01";"0";"150"
"3711";"70";"2024-10-01";"0";"150"
"3712";"70";"2024-11-01";"0";"150"
"3713";"70";"2024-12-01";"0";"150"
"3714";"88";"2024-01-01";"8000";"150"
"3715";"88";"2024-02-01";"8000";"150"
"3716";"88";"2024-04-01";"8000";"150"
"3717";"88";"2024-05-01";"0";"150"
"3718";"88";"2024-06-01";"0";"150"
"3719";"88";"2024-07-01";"0";"150"
"3720";"88";"2024-08-01";"0";"150"
"3721";"88";"2024-09-01";"0";"150"
"3722";"88";"2024-10-01";"0";"150"
"3723";"88";"2024-11-01";"0";"150"
"3724";"88";"2024-12-01";"0";"150"
"3725";"86";"2024-01-01";"8000";"150"
"3726";"86";"2024-02-01";"8000";"150"
"3727";"86";"2024-04-01";"8000";"150"
"3728";"86";"2024-05-01";"0";"150"
"3729";"86";"2024-06-01";"0";"150"
"3730";"86";"2024-07-01";"0";"150"
"3731";"86";"2024-08-01";"0";"150"
"3732";"86";"2024-09-01";"0";"150"
"3733";"86";"2024-10-01";"0";"150"
"3734";"86";"2024-11-01";"0";"150"
"3735";"86";"2024-12-01";"0";"150"
"3736";"87";"2024-01-01";"8000";"150"
"3737";"87";"2024-02-01";"8000";"150"
"3738";"87";"2024-04-01";"8000";"150"
"3739";"87";"2024-05-01";"0";"150"
"3740";"87";"2024-06-01";"0";"150"
"3741";"87";"2024-07-01";"0";"150"
"3742";"87";"2024-08-01";"0";"150"
"3743";"87";"2024-09-01";"0";"150"
"3744";"87";"2024-10-01";"0";"150"
"3745";"87";"2024-11-01";"0";"150"
"3746";"87";"2024-12-01";"0";"150"
"3747";"89";"2024-01-01";"8000";"150"
"3748";"89";"2024-02-01";"8000";"150"
"3749";"89";"2024-04-01";"8000";"150"
"3750";"89";"2024-05-01";"0";"150"
"3751";"89";"2024-06-01";"0";"150"
"3752";"89";"2024-07-01";"0";"150"
"3753";"89";"2024-08-01";"0";"150"
"3754";"89";"2024-09-01";"0";"150"
"3755";"89";"2024-10-01";"0";"150"
"3756";"89";"2024-11-01";"0";"150"
"3757";"89";"2024-12-01";"0";"150"
"3758";"90";"2024-01-01";"8000";"150"
"3759";"90";"2024-02-01";"8000";"150"
"3760";"90";"2024-04-01";"8000";"150"
"3761";"90";"2024-05-01";"0";"150"
"3762";"90";"2024-06-01";"0";"150"
"3763";"90";"2024-07-01";"0";"150"
"3764";"90";"2024-08-01";"0";"150"
"3765";"90";"2024-09-01";"0";"150"
"3766";"90";"2024-10-01";"0";"150"
"3767";"90";"2024-11-01";"0";"150"
"3768";"90";"2024-12-01";"0";"150"
"3769";"91";"2024-03-01";"8000";"3"
"3770";"92";"2024-03-01";"8000";"3"
"3771";"10";"2024-04-01";"12000";"150"
"3772";"10";"2024-05-01";"18000";"150"
"3773";"10";"2024-06-01";"12000";"150"
"3774";"10";"2024-07-01";"12000";"150"
"3775";"10";"2024-08-01";"12000";"150"
"3776";"10";"2024-09-01";"15000";"150"
"3777";"10";"2024-10-01";"16500";"150"
"3778";"10";"2024-11-01";"16500";"150"
"3779";"10";"2024-12-01";"16500";"150"
"3780";"84";"2024-02-01";"0";"150"
"3781";"84";"2024-03-01";"5000";"150"
"3782";"84";"2024-04-01";"5000";"150"
"3783";"84";"2024-05-01";"8000";"150"
"3784";"84";"2024-06-01";"8000";"150"
"3785";"84";"2024-07-01";"8000";"150"
"3786";"84";"2024-08-01";"8000";"150"
"3787";"84";"2024-09-01";"10000";"150"
"3788";"84";"2024-10-01";"11000";"150"
"3789";"84";"2024-11-01";"0";"150"
"3790";"84";"2024-12-01";"11000";"150"
"3791";"11";"2024-04-01";"5000";"150"
"3792";"11";"2024-05-01";"8000";"150"
"3793";"11";"2024-06-01";"8000";"150"
"3794";"11";"2024-07-01";"8000";"150"
"3795";"11";"2024-08-01";"8000";"150"
"3796";"11";"2024-09-01";"10000";"150"
"3797";"11";"2024-10-01";"11000";"150"
"3798";"11";"2024-11-01";"11000";"150"
"3799";"11";"2024-12-01";"11000";"150"
"3800";"18";"2024-04-01";"10000";"150"
"3801";"18";"2024-05-01";"15000";"150"
"3802";"18";"2024-06-01";"15000";"150"
"3803";"18";"2024-07-01";"15000";"150"
"3804";"18";"2024-08-01";"15000";"150"
"3805";"18";"2024-09-01";"19000";"150"
"3806";"18";"2024-10-01";"20900";"150"
"3807";"18";"2024-11-01";"20900";"150"
"3808";"18";"2024-12-01";"20900";"150"
"3809";"19";"2024-04-01";"5000";"150"
"3810";"19";"2024-05-01";"8000";"150"
"3811";"19";"2024-06-01";"8000";"150"
"3812";"19";"2024-07-01";"8000";"150"
"3813";"19";"2024-08-01";"8000";"150"
"3814";"19";"2024-09-01";"10000";"150"
"3815";"19";"2024-10-01";"11000";"150"
"3816";"19";"2024-11-01";"11000";"150"
"3817";"19";"2024-12-01";"11000";"150"
"3818";"20";"2024-04-01";"7000";"150"
"3819";"20";"2024-05-01";"10000";"150"
"3820";"20";"2024-06-01";"10000";"150"
"3821";"20";"2024-07-01";"10000";"150"
"3822";"20";"2024-08-01";"10000";"150"
"3823";"20";"2024-09-01";"14000";"150"
"3824";"20";"2024-10-01";"15400";"150"
"3825";"20";"2024-11-01";"15400";"150"
"3826";"20";"2024-12-01";"15400";"150"
"3827";"25";"2024-04-01";"7000";"150"
"3828";"25";"2024-05-01";"10000";"150"
"3829";"25";"2024-06-01";"10000";"150"
"3830";"25";"2024-07-01";"10000";"150"
"3831";"25";"2024-08-01";"10000";"150"
"3832";"25";"2024-09-01";"13000";"150"
"3833";"25";"2024-10-01";"14300";"150"
"3834";"25";"2024-11-01";"14300";"150"
"3835";"25";"2024-12-01";"14300";"150"
"3836";"27";"2024-04-01";"12000";"150"
"3837";"27";"2024-05-01";"16000";"150"
"3838";"27";"2024-06-01";"12000";"150"
"3839";"27";"2024-07-01";"12000";"150"
"3840";"27";"2024-08-01";"12000";"150"
"3841";"27";"2024-09-01";"15000";"150"
"3842";"27";"2024-10-01";"16500";"150"
"3843";"27";"2024-11-01";"16500";"150"
"3844";"27";"2024-12-01";"16500";"150"
"3845";"47";"2024-04-01";"7000";"150"
"3846";"47";"2024-05-01";"10000";"150"
"3847";"47";"2024-06-01";"8000";"150"
"3848";"47";"2024-07-01";"8000";"150"
"3849";"47";"2024-08-01";"8000";"150"
"3850";"47";"2024-09-01";"10000";"150"
"3851";"47";"2024-10-01";"11000";"150"
"3852";"47";"2024-11-01";"11000";"150"
"3853";"47";"2024-12-01";"11000";"150"
"3854";"56";"2024-04-01";"5000";"150"
"3855";"56";"2024-05-01";"8000";"150"
"3856";"56";"2024-06-01";"8000";"150"
"3857";"56";"2024-07-01";"8000";"150"
"3858";"56";"2024-08-01";"8000";"150"
"3859";"56";"2024-09-01";"10000";"150"
"3860";"56";"2024-10-01";"11000";"150"
"3861";"56";"2024-11-01";"11000";"150"
"3862";"56";"2024-12-01";"11000";"150"
"3863";"58";"2024-04-01";"3000";"150"
"3864";"58";"2024-05-01";"5000";"150"
"3865";"58";"2024-06-01";"5000";"150"
"3866";"58";"2024-07-01";"5000";"150"
"3867";"58";"2024-08-01";"5000";"150"
"3868";"58";"2024-09-01";"6000";"150"
"3869";"58";"2024-10-01";"6600";"150"
"3870";"58";"2024-11-01";"6600";"150"
"3871";"58";"2024-12-01";"6600";"150"
"3872";"66";"2024-04-01";"7000";"150"
"3873";"66";"2024-05-01";"8000";"150"
"3874";"66";"2024-06-01";"8000";"150"
"3875";"66";"2024-07-01";"8000";"150"
"3876";"66";"2024-08-01";"8000";"150"
"3877";"66";"2024-09-01";"10000";"150"
"3878";"66";"2024-10-01";"11000";"150"
"3879";"66";"2024-11-01";"11000";"150"
"3880";"66";"2024-12-01";"11000";"150"
"3881";"73";"2024-04-01";"5000";"150"
"3882";"73";"2024-05-01";"8000";"150"
"3883";"73";"2024-06-01";"8000";"150"
"3884";"73";"2024-07-01";"8000";"150"
"3885";"73";"2024-08-01";"8000";"150"
"3886";"73";"2024-09-01";"10000";"150"
"3887";"73";"2024-10-01";"11000";"150"
"3888";"73";"2024-11-01";"11000";"150"
"3889";"73";"2024-12-01";"11000";"150"
"3890";"74";"2024-04-01";"8000";"150"
"3891";"74";"2024-05-01";"11000";"150"
"3892";"74";"2024-06-01";"11000";"150"
"3893";"74";"2024-07-01";"11000";"150"
"3894";"74";"2024-08-01";"11000";"150"
"3895";"74";"2024-09-01";"14000";"150"
"3896";"74";"2024-10-01";"15400";"150"
"3897";"74";"2024-11-01";"15400";"150"
"3898";"74";"2024-12-01";"15400";"150"
"3899";"75";"2024-04-01";"7000";"150"
"3900";"75";"2024-05-01";"10000";"150"
"3901";"75";"2024-06-01";"10000";"150"
"3902";"75";"2024-07-01";"15000";"150"
"3903";"75";"2024-08-01";"15000";"150"
"3904";"75";"2024-09-01";"19000";"150"
"3905";"75";"2024-10-01";"20900";"150"
"3906";"75";"2024-11-01";"20900";"150"
"3907";"75";"2024-12-01";"20900";"150"
"3908";"78";"2024-04-01";"5000";"150"
"3909";"78";"2024-05-01";"8000";"150"
"3910";"78";"2024-06-01";"8000";"150"
"3911";"78";"2024-07-01";"8000";"150"
"3912";"78";"2024-08-01";"8000";"150"
"3913";"78";"2024-09-01";"10000";"150"
"3914";"78";"2024-10-01";"11000";"150"
"3915";"78";"2024-11-01";"11000";"150"
"3916";"78";"2024-12-01";"11000";"150"
"3917";"79";"2024-04-01";"5000";"150"
"3918";"79";"2024-05-01";"8000";"150"
"3919";"79";"2024-06-01";"8000";"150"
"3920";"79";"2024-07-01";"8000";"150"
"3921";"79";"2024-08-01";"8000";"150"
"3922";"79";"2024-09-01";"10000";"150"
"3923";"79";"2024-10-01";"11000";"150"
"3924";"79";"2024-11-01";"11000";"150"
"3925";"79";"2024-12-01";"11000";"150"
"3926";"81";"2024-04-01";"14000";"150"
"3927";"81";"2024-05-01";"20000";"150"
"3928";"81";"2024-06-01";"20000";"150"
"3929";"81";"2024-07-01";"20000";"150"
"3930";"81";"2024-08-01";"20000";"150"
"3931";"81";"2024-09-01";"26000";"150"
"3932";"81";"2024-10-01";"28600";"150"
"3933";"81";"2024-11-01";"28600";"150"
"3934";"81";"2024-12-01";"28600";"150"
"3935";"85";"2024-01-01";"0";"150"
"3936";"85";"2024-02-01";"0";"150"
"3937";"85";"2024-03-01";"0";"150"
"3938";"85";"2024-04-01";"0";"150"
"3939";"85";"2024-05-01";"0";"150"
"3940";"85";"2024-06-01";"0";"150"
"3941";"85";"2024-07-01";"0";"150"
"3942";"85";"2024-08-01";"0";"150"
"3943";"85";"2024-09-01";"0";"150"
"3944";"85";"2024-10-01";"0";"150"
"3945";"85";"2024-11-01";"0";"150"
"3946";"85";"2024-12-01";"0";"150"
"3947";"92";"2024-01-01";"0";"150"
"3948";"92";"2024-02-01";"0";"150"
"3949";"92";"2024-04-01";"8000";"150"
"3950";"92";"2024-05-01";"0";"150"
"3951";"92";"2024-06-01";"0";"150"
"3952";"92";"2024-07-01";"0";"150"
"3953";"92";"2024-08-01";"0";"150"
"3954";"92";"2024-09-01";"0";"150"
"3955";"92";"2024-10-01";"0";"150"
"3956";"92";"2024-11-01";"0";"150"
"3957";"92";"2024-12-01";"0";"150"
"3958";"93";"2024-01-01";"0";"150"
"3959";"93";"2024-02-01";"0";"150"
"3960";"93";"2024-03-01";"0";"150"
"3961";"93";"2024-04-01";"0";"150"
"3962";"93";"2024-05-01";"0";"150"
"3963";"93";"2024-06-01";"0";"150"
"3964";"93";"2024-07-01";"0";"150"
"3965";"93";"2024-08-01";"0";"150"
"3966";"93";"2024-09-01";"10000";"150"
"3967";"93";"2024-10-01";"11000";"150"
"3968";"93";"2024-11-01";"11000";"150"
"3969";"93";"2024-12-01";"11000";"150"
"3970";"72";"2024-04-01";"14000";"150"
"3971";"72";"2024-05-01";"20000";"150"
"3972";"72";"2024-06-01";"20000";"150"
"3973";"72";"2024-07-01";"20000";"150"
"3974";"72";"2024-08-01";"20000";"150"
"3975";"72";"2024-09-01";"26000";"150"
"3976";"72";"2024-10-01";"28600";"150"
"3977";"72";"2024-11-01";"28600";"150"
"3978";"72";"2024-12-01";"28600";"150"
"3979";"4";"2024-04-01";"14000";"150"
"3980";"4";"2024-05-01";"20000";"150"
"3981";"4";"2024-06-01";"20000";"150"
"3982";"4";"2024-07-01";"20000";"150"
"3983";"4";"2024-08-01";"20000";"150"
"3984";"4";"2024-09-01";"26000";"150"
"3985";"4";"2024-10-01";"28600";"150"
"3986";"4";"2024-11-01";"28600";"150"
"3987";"4";"2024-12-01";"28600";"150"
"3988";"54";"2024-04-01";"5000";"150"
"3989";"54";"2024-05-01";"8000";"150"
"3990";"54";"2024-06-01";"8000";"150"
"3991";"54";"2024-07-01";"8000";"150"
"3992";"54";"2024-08-01";"8000";"150"
"3993";"54";"2024-09-01";"10000";"150"
"3994";"54";"2024-10-01";"11000";"150"
"3995";"54";"2024-11-01";"11000";"150"
"3996";"54";"2024-12-01";"11000";"150"
"3997";"2";"2024-04-01";"8000";"150"
"3998";"2";"2024-05-01";"11000";"150"
"3999";"2";"2024-06-01";"11000";"150"
"4000";"2";"2024-07-01";"11000";"150"
"4001";"2";"2024-08-01";"11000";"150"
"4002";"2";"2024-09-01";"14000";"150"
"4003";"2";"2024-10-01";"15400";"150"
"4004";"2";"2024-11-01";"15400";"150"
"4005";"2";"2024-12-01";"15400";"150"
"4006";"8";"2024-04-01";"5000";"150"
"4007";"8";"2024-05-01";"8000";"150"
"4008";"8";"2024-06-01";"8000";"150"
"4009";"8";"2024-07-01";"8000";"150"
"4010";"8";"2024-08-01";"8000";"150"
"4011";"8";"2024-09-01";"10000";"150"
"4012";"8";"2024-10-01";"11000";"150"
"4013";"8";"2024-11-01";"11000";"150"
"4014";"8";"2024-12-01";"11000";"150"
"4015";"83";"2024-05-01";"0";"150"
"4016";"83";"2024-06-01";"0";"150"
"4017";"83";"2024-07-01";"0";"150"
"4018";"83";"2024-08-01";"0";"150"
"4019";"83";"2024-09-01";"0";"150"
"4020";"83";"2024-10-01";"0";"150"
"4021";"83";"2024-11-01";"0";"150"
"4022";"83";"2024-12-01";"0";"150"
"4023";"93";"2024-08-01";"5000";"3"
